,A1,A2,A3,A4_0,A4_1,A4_2,A4_3,A5_0,A5_1,A5_2,A6_0,A6_1,A6_2,A6_3,A6_4,A6_5,A6_6,A6_7,A6_8,A6_9,A6_10,A6_11,A6_12,A6_13,A7_0,A7_1,A7_2,A7_3,A7_4,A7_5,A7_6,A7_7,A7_8,A8,A9,A10,A11,A12,A13_0,A13_1,A13_2,A14,A15,A16
0,0,30.83,0.0,1,0,0,0,1,0,0,0,0,0,0,0,0,0,0,0,1,0,0,0,0,1,0,0,0,0,0,0,0,0,1.25,0,0,1,1,1,0,0,00202,0,0
1,1,58.67,4.46,1,0,0,0,1,0,0,0,0,0,0,0,0,0,0,1,0,0,0,0,0,0,1,0,0,0,0,0,0,0,3.04,0,0,6,1,1,0,0,00043,560,0
2,1,24.50,0.5,1,0,0,0,1,0,0,0,0,0,0,0,0,0,0,1,0,0,0,0,0,0,1,0,0,0,0,0,0,0,1.5,0,1,0,1,1,0,0,00280,824,0
3,0,27.83,1.54,1,0,0,0,1,0,0,0,0,0,0,0,0,0,0,0,1,0,0,0,0,1,0,0,0,0,0,0,0,0,3.75,0,0,5,0,1,0,0,00100,3,0
4,0,20.17,5.625,1,0,0,0,1,0,0,0,0,0,0,0,0,0,0,0,1,0,0,0,0,1,0,0,0,0,0,0,0,0,1.71,0,1,0,1,0,0,1,00120,0,0
5,0,32.08,4.0,1,0,0,0,1,0,0,0,0,0,0,0,0,1,0,0,0,0,0,0,0,1,0,0,0,0,0,0,0,0,2.5,0,1,0,0,1,0,0,00360,0,0
6,0,33.17,1.04,1,0,0,0,1,0,0,0,0,0,0,0,0,0,1,0,0,0,0,0,0,0,1,0,0,0,0,0,0,0,6.5,0,1,0,0,1,0,0,00164,31285,0
7,1,22.92,11.585,1,0,0,0,1,0,0,0,0,1,0,0,0,0,0,0,0,0,0,0,0,1,0,0,0,0,0,0,0,0,0.04,0,1,0,1,1,0,0,00080,1349,0
8,0,54.42,0.5,0,1,0,0,0,1,0,0,0,0,0,0,1,0,0,0,0,0,0,0,0,0,1,0,0,0,0,0,0,0,3.96,0,1,0,1,1,0,0,00180,314,0
9,0,42.50,4.915,0,1,0,0,0,1,0,0,0,0,0,0,0,0,0,0,1,0,0,0,0,1,0,0,0,0,0,0,0,0,3.165,0,1,0,0,1,0,0,00052,1442,0
10,0,22.08,0.83,1,0,0,0,1,0,0,1,0,0,0,0,0,0,0,0,0,0,0,0,0,0,1,0,0,0,0,0,0,0,2.165,1,1,0,0,1,0,0,00128,0,0
11,0,29.92,1.835,1,0,0,0,1,0,0,1,0,0,0,0,0,0,0,0,0,0,0,0,0,0,1,0,0,0,0,0,0,0,4.335,0,1,0,1,1,0,0,00260,200,0
12,1,38.25,6.0,1,0,0,0,1,0,0,0,0,0,0,0,1,0,0,0,0,0,0,0,0,1,0,0,0,0,0,0,0,0,1.0,0,1,0,0,1,0,0,00000,0,0
13,0,48.08,6.04,1,0,0,0,1,0,0,0,0,0,0,0,1,0,0,0,0,0,0,0,0,1,0,0,0,0,0,0,0,0,0.04,1,1,0,1,1,0,0,00000,2690,0
14,1,45.83,10.5,1,0,0,0,1,0,0,0,0,0,0,0,0,0,0,1,0,0,0,0,0,1,0,0,0,0,0,0,0,0,5.0,0,0,7,0,1,0,0,00000,0,0
15,0,36.67,4.415,0,1,0,0,0,1,0,0,0,0,0,0,1,0,0,0,0,0,0,0,0,1,0,0,0,0,0,0,0,0,0.25,0,0,10,0,1,0,0,00320,0,0
16,0,28.25,0.875,1,0,0,0,1,0,0,0,0,0,0,0,0,1,0,0,0,0,0,0,0,1,0,0,0,0,0,0,0,0,0.96,0,0,3,0,1,0,0,00396,0,0
17,1,23.25,5.875,1,0,0,0,1,0,0,0,0,0,0,0,0,0,0,1,0,0,0,0,0,1,0,0,0,0,0,0,0,0,3.17,0,0,10,1,1,0,0,00120,245,0
18,0,21.83,0.25,1,0,0,0,1,0,0,0,1,0,0,0,0,0,0,0,0,0,0,0,0,0,1,0,0,0,0,0,0,0,0.665,0,1,0,0,1,0,0,00000,0,0
19,1,19.17,8.585,1,0,0,0,1,0,0,0,0,1,0,0,0,0,0,0,0,0,0,0,0,0,1,0,0,0,0,0,0,0,0.75,0,0,7,1,1,0,0,00096,0,0
20,0,25.00,11.25,1,0,0,0,1,0,0,1,0,0,0,0,0,0,0,0,0,0,0,0,0,1,0,0,0,0,0,0,0,0,2.5,0,0,17,1,1,0,0,00200,1208,0
21,0,23.25,1.0,1,0,0,0,1,0,0,1,0,0,0,0,0,0,0,0,0,0,0,0,0,1,0,0,0,0,0,0,0,0,0.835,0,1,0,1,0,0,1,00300,0,0
22,1,47.75,8.0,1,0,0,0,1,0,0,1,0,0,0,0,0,0,0,0,0,0,0,0,0,1,0,0,0,0,0,0,0,0,7.875,0,0,6,0,1,0,0,00000,1260,0
23,1,27.42,14.5,1,0,0,0,1,0,0,0,0,0,0,0,0,0,0,0,0,1,0,0,0,0,1,0,0,0,0,0,0,0,3.085,0,0,1,1,1,0,0,00120,11,0
24,1,41.17,6.5,1,0,0,0,1,0,0,0,0,0,0,0,0,0,0,1,0,0,0,0,0,1,0,0,0,0,0,0,0,0,0.5,0,0,3,0,1,0,0,00145,0,0
25,1,15.83,0.585,1,0,0,0,1,0,0,1,0,0,0,0,0,0,0,0,0,0,0,0,0,0,1,0,0,0,0,0,0,0,1.5,0,0,2,1,1,0,0,00100,0,0
26,1,47.00,13.0,1,0,0,0,1,0,0,0,0,0,1,0,0,0,0,0,0,0,0,0,0,0,0,1,0,0,0,0,0,0,5.165,0,0,9,0,1,0,0,00000,0,0
27,0,56.58,18.5,1,0,0,0,1,0,0,0,1,0,0,0,0,0,0,0,0,0,0,0,0,0,0,1,0,0,0,0,0,0,15.0,0,0,17,0,1,0,0,00000,0,0
28,0,57.42,8.5,1,0,0,0,1,0,0,0,0,0,0,0,0,0,0,0,0,0,1,0,0,0,1,0,0,0,0,0,0,0,7.0,0,0,3,1,1,0,0,00000,0,0
29,0,42.08,1.04,1,0,0,0,1,0,0,0,0,0,0,0,0,0,0,0,1,0,0,0,0,1,0,0,0,0,0,0,0,0,5.0,0,0,6,0,1,0,0,00500,10000,0
30,0,29.25,14.79,1,0,0,0,1,0,0,0,0,0,0,0,0,0,0,0,0,0,0,1,0,1,0,0,0,0,0,0,0,0,5.04,0,0,5,0,1,0,0,00168,0,0
31,0,42.00,9.79,1,0,0,0,1,0,0,0,0,0,0,0,0,0,0,0,0,1,0,0,0,0,1,0,0,0,0,0,0,0,7.96,0,0,8,1,1,0,0,00000,0,0
32,0,49.50,7.585,1,0,0,0,1,0,0,0,0,0,1,0,0,0,0,0,0,0,0,0,0,0,0,1,0,0,0,0,0,0,7.585,0,0,15,0,1,0,0,00000,5000,0
33,1,36.75,5.125,1,0,0,0,1,0,0,0,0,0,0,0,0,0,0,0,0,0,1,0,0,1,0,0,0,0,0,0,0,0,5.0,0,1,0,0,1,0,0,00000,4000,0
34,1,22.58,10.75,1,0,0,0,1,0,0,0,0,0,0,0,0,0,0,1,0,0,0,0,0,1,0,0,0,0,0,0,0,0,0.415,0,0,5,0,1,0,0,00000,560,0
35,0,27.83,1.5,1,0,0,0,1,0,0,0,0,0,0,0,0,0,0,0,1,0,0,0,0,1,0,0,0,0,0,0,0,0,2.0,0,0,11,0,1,0,0,00434,35,0
36,0,27.25,1.585,1,0,0,0,1,0,0,0,0,1,0,0,0,0,0,0,0,0,0,0,0,0,1,0,0,0,0,0,0,0,1.835,0,0,12,0,1,0,0,00583,713,0
37,1,23.00,11.75,1,0,0,0,1,0,0,0,0,0,0,0,0,0,0,0,0,1,0,0,0,0,1,0,0,0,0,0,0,0,0.5,0,0,2,0,1,0,0,00300,551,0
38,0,27.75,0.585,0,1,0,0,0,1,0,0,0,1,0,0,0,0,0,0,0,0,0,0,0,1,0,0,0,0,0,0,0,0,0.25,0,0,2,1,1,0,0,00260,500,0
39,0,54.58,9.415,1,0,0,0,1,0,0,0,0,0,0,0,0,0,0,0,0,0,0,0,1,0,0,0,0,0,0,0,1,0,14.415,0,0,11,0,1,0,0,00030,300,0
40,0,34.17,9.17,1,0,0,0,1,0,0,1,0,0,0,0,0,0,0,0,0,0,0,0,0,1,0,0,0,0,0,0,0,0,4.5,0,0,12,0,1,0,0,00000,221,0
41,0,28.92,15.0,1,0,0,0,1,0,0,1,0,0,0,0,0,0,0,0,0,0,0,0,0,0,1,0,0,0,0,0,0,0,5.335,0,0,11,1,1,0,0,00000,2283,0
42,0,29.67,1.415,1,0,0,0,1,0,0,0,0,0,0,0,0,0,0,0,1,0,0,0,0,0,1,0,0,0,0,0,0,0,0.75,0,0,1,1,1,0,0,00240,100,0
43,0,39.58,13.915,1,0,0,0,1,0,0,0,0,0,0,0,0,0,0,0,1,0,0,0,0,1,0,0,0,0,0,0,0,0,8.625,0,0,6,0,1,0,0,00070,0,0
44,0,56.42,28.0,0,1,0,0,0,1,0,1,0,0,0,0,0,0,0,0,0,0,0,0,0,1,0,0,0,0,0,0,0,0,28.5,0,0,40,1,1,0,0,00000,15,0
45,0,54.33,6.75,1,0,0,0,1,0,0,1,0,0,0,0,0,0,0,0,0,0,0,0,0,0,1,0,0,0,0,0,0,0,2.625,0,0,11,0,1,0,0,00000,284,0
46,1,41.00,2.04,0,1,0,0,0,1,0,0,0,0,0,0,0,0,0,1,0,0,0,0,0,0,1,0,0,0,0,0,0,0,0.125,0,0,23,0,1,0,0,00455,1236,0
47,0,31.92,4.46,1,0,0,0,1,0,0,0,0,1,0,0,0,0,0,0,0,0,0,0,0,0,1,0,0,0,0,0,0,0,6.04,0,0,3,1,1,0,0,00311,300,0
48,0,41.50,1.54,1,0,0,0,1,0,0,0,0,0,1,0,0,0,0,0,0,0,0,0,0,0,0,1,0,0,0,0,0,0,3.5,1,1,0,1,1,0,0,00216,0,0
49,0,23.92,0.665,1,0,0,0,1,0,0,1,0,0,0,0,0,0,0,0,0,0,0,0,0,1,0,0,0,0,0,0,0,0,0.165,1,1,0,1,1,0,0,00100,0,0
50,1,25.75,0.5,1,0,0,0,1,0,0,1,0,0,0,0,0,0,0,0,0,0,0,0,0,0,1,0,0,0,0,0,0,0,0.875,0,1,0,0,1,0,0,00491,0,0
51,0,26.00,1.0,1,0,0,0,1,0,0,0,0,0,0,0,0,0,0,1,0,0,0,0,0,1,0,0,0,0,0,0,0,0,1.75,0,1,0,0,1,0,0,00280,0,0
52,0,37.42,2.04,1,0,0,0,1,0,0,0,0,0,0,0,0,0,0,0,1,0,0,0,0,1,0,0,0,0,0,0,0,0,0.04,0,1,0,0,1,0,0,00400,5800,0
53,0,34.92,2.5,1,0,0,0,1,0,0,0,0,0,0,0,0,0,0,0,1,0,0,0,0,1,0,0,0,0,0,0,0,0,0.0,0,1,0,0,1,0,0,00239,200,0
54,0,34.25,3.0,1,0,0,0,1,0,0,0,0,1,0,0,0,0,0,0,0,0,0,0,0,0,1,0,0,0,0,0,0,0,7.415,0,1,0,0,1,0,0,00000,0,0
55,0,23.33,11.625,0,1,0,0,0,1,0,0,0,0,0,0,0,0,0,0,1,0,0,0,0,1,0,0,0,0,0,0,0,0,0.835,0,1,0,0,1,0,0,00160,300,0
56,0,23.17,0.0,1,0,0,0,1,0,0,0,0,1,0,0,0,0,0,0,0,0,0,0,0,1,0,0,0,0,0,0,0,0,0.085,0,1,0,1,1,0,0,00000,0,0
57,0,44.33,0.5,1,0,0,0,1,0,0,0,0,0,1,0,0,0,0,0,0,0,0,0,0,0,1,0,0,0,0,0,0,0,5.0,0,1,0,0,1,0,0,00320,0,0
58,0,35.17,4.5,1,0,0,0,1,0,0,0,0,0,0,0,0,0,0,0,0,1,0,0,0,0,1,0,0,0,0,0,0,0,5.75,1,1,0,0,0,0,1,00711,0,0
59,0,43.25,3.0,1,0,0,0,1,0,0,0,0,0,0,0,0,0,0,1,0,0,0,0,0,0,1,0,0,0,0,0,0,0,6.0,0,0,11,1,1,0,0,00080,0,0
60,0,56.75,12.25,1,0,0,0,1,0,0,0,0,0,0,0,0,1,0,0,0,0,0,0,0,1,0,0,0,0,0,0,0,0,1.25,0,0,4,0,1,0,0,00200,0,0
61,0,31.67,16.165,1,0,0,0,1,0,0,0,1,0,0,0,0,0,0,0,0,0,0,0,0,1,0,0,0,0,0,0,0,0,3.0,0,0,9,1,1,0,0,00250,730,0
62,1,23.42,0.79,0,1,0,0,0,1,0,0,0,0,0,0,0,0,0,1,0,0,0,0,0,1,0,0,0,0,0,0,0,0,1.5,0,0,2,0,1,0,0,00080,400,0
63,1,20.42,0.835,1,0,0,0,1,0,0,0,0,0,0,0,0,0,0,1,0,0,0,0,0,1,0,0,0,0,0,0,0,0,1.585,0,0,1,1,1,0,0,00000,0,0
64,0,26.67,4.25,1,0,0,0,1,0,0,0,0,1,0,0,0,0,0,0,0,0,0,0,0,1,0,0,0,0,0,0,0,0,4.29,0,0,1,0,1,0,0,00120,0,0
65,0,34.17,1.54,1,0,0,0,1,0,0,0,0,1,0,0,0,0,0,0,0,0,0,0,0,1,0,0,0,0,0,0,0,0,1.54,0,0,1,0,1,0,0,00520,50000,0
66,1,36.00,1.0,1,0,0,0,1,0,0,1,0,0,0,0,0,0,0,0,0,0,0,0,0,1,0,0,0,0,0,0,0,0,2.0,0,0,11,1,1,0,0,00000,456,0
67,0,25.50,0.375,1,0,0,0,1,0,0,0,0,0,0,0,0,1,0,0,0,0,0,0,0,1,0,0,0,0,0,0,0,0,0.25,0,0,3,1,1,0,0,00260,15108,0
68,0,19.42,6.5,1,0,0,0,1,0,0,0,0,0,0,0,0,0,0,0,1,0,0,0,0,0,1,0,0,0,0,0,0,0,1.46,0,0,7,1,1,0,0,00080,2954,0
69,0,35.17,25.125,1,0,0,0,1,0,0,0,0,0,0,0,0,0,0,0,0,1,0,0,0,0,1,0,0,0,0,0,0,0,1.625,0,0,1,0,1,0,0,00515,500,0
70,0,32.33,7.5,1,0,0,0,1,0,0,0,0,0,0,0,0,0,0,0,0,0,1,0,0,0,0,1,0,0,0,0,0,0,1.585,0,1,0,0,0,0,1,00420,0,1
71,0,34.83,4.0,1,0,0,0,1,0,0,0,1,0,0,0,0,0,0,0,0,0,0,0,0,0,0,1,0,0,0,0,0,0,12.5,0,1,0,0,1,0,0,?,0,1
72,1,38.58,5.0,1,0,0,0,1,0,0,0,0,1,0,0,0,0,0,0,0,0,0,0,0,1,0,0,0,0,0,0,0,0,13.5,0,1,0,0,1,0,0,00980,0,1
73,0,44.25,0.5,1,0,0,0,1,0,0,0,0,0,0,0,0,1,0,0,0,0,0,0,0,1,0,0,0,0,0,0,0,0,10.75,0,1,0,1,0,0,1,00400,0,1
74,0,44.83,7.0,0,1,0,0,0,1,0,1,0,0,0,0,0,0,0,0,0,0,0,0,0,1,0,0,0,0,0,0,0,0,1.625,1,1,0,1,1,0,0,00160,2,1
75,0,20.67,5.29,1,0,0,0,1,0,0,0,0,0,0,0,0,0,0,1,0,0,0,0,0,1,0,0,0,0,0,0,0,0,0.375,0,0,1,1,1,0,0,00160,0,1
76,0,34.08,6.5,1,0,0,0,1,0,0,0,0,0,0,0,0,0,0,0,0,0,0,1,0,1,0,0,0,0,0,0,0,0,0.125,0,1,0,0,1,0,0,00443,0,1
77,1,19.17,0.585,0,1,0,0,0,1,0,0,0,0,0,0,0,0,0,0,0,0,0,1,0,1,0,0,0,0,0,0,0,0,0.585,0,1,0,0,1,0,0,00160,0,1
78,0,21.67,1.165,0,1,0,0,0,1,0,0,0,0,0,0,1,0,0,0,0,0,0,0,0,1,0,0,0,0,0,0,0,0,2.5,0,0,1,1,1,0,0,00180,20,1
79,0,21.50,9.75,1,0,0,0,1,0,0,1,0,0,0,0,0,0,0,0,0,0,0,0,0,1,0,0,0,0,0,0,0,0,0.25,0,1,0,1,1,0,0,00140,0,1
80,0,49.58,19.0,1,0,0,0,1,0,0,0,0,0,0,0,0,0,0,0,0,0,0,0,1,0,0,0,0,0,0,0,1,0,0.0,0,0,1,1,1,0,0,00094,0,1
81,1,27.67,1.5,1,0,0,0,1,0,0,0,0,0,0,0,0,1,0,0,0,0,0,0,0,1,0,0,0,0,0,0,0,0,2.0,0,1,0,1,0,0,1,00368,0,1
82,0,39.83,0.5,1,0,0,0,1,0,0,0,0,0,0,0,0,1,0,0,0,0,0,0,0,1,0,0,0,0,0,0,0,0,0.25,0,1,0,1,0,0,1,00288,0,1
83,1,?,3.5,1,0,0,0,1,0,0,0,1,0,0,0,0,0,0,0,0,0,0,0,0,1,0,0,0,0,0,0,0,0,3.0,0,1,0,0,1,0,0,00300,0,1
84,0,27.25,0.625,1,0,0,0,1,0,0,0,0,0,0,0,0,0,0,0,0,0,0,1,0,1,0,0,0,0,0,0,0,0,0.455,0,1,0,0,1,0,0,00200,0,1
85,0,37.17,4.0,1,0,0,0,1,0,0,1,0,0,0,0,0,0,0,0,0,0,0,0,0,0,0,1,0,0,0,0,0,0,5.0,0,1,0,0,0,0,1,00280,0,1
86,0,?,0.375,1,0,0,0,1,0,0,0,1,0,0,0,0,0,0,0,0,0,0,0,0,1,0,0,0,0,0,0,0,0,0.875,0,1,0,0,0,0,1,00928,0,1
87,0,25.67,2.21,0,1,0,0,0,1,0,0,0,0,0,0,0,0,0,0,0,0,0,1,0,1,0,0,0,0,0,0,0,0,4.0,0,1,0,1,1,0,0,00188,0,1
88,0,34.00,4.5,1,0,0,0,1,0,0,0,0,0,0,0,0,0,0,0,0,0,0,1,0,1,0,0,0,0,0,0,0,0,1.0,0,1,0,0,1,0,0,00240,0,1
89,1,49.00,1.5,1,0,0,0,1,0,0,0,0,0,0,1,0,0,0,0,0,0,0,0,0,0,0,0,1,0,0,0,0,0,0.0,0,1,0,0,1,0,0,00100,27,1
90,0,62.50,12.75,0,1,0,0,0,1,0,1,0,0,0,0,0,0,0,0,0,0,0,0,0,0,1,0,0,0,0,0,0,0,5.0,0,1,0,1,1,0,0,00112,0,1
91,0,31.42,15.5,1,0,0,0,1,0,0,1,0,0,0,0,0,0,0,0,0,0,0,0,0,1,0,0,0,0,0,0,0,0,0.5,0,1,0,1,1,0,0,00120,0,1
92,0,?,5.0,0,1,0,0,0,1,0,0,0,0,0,0,0,0,0,0,0,0,0,1,0,1,0,0,0,0,0,0,0,0,8.5,0,1,0,1,1,0,0,00000,0,1
93,0,52.33,1.375,0,1,0,0,0,1,0,1,0,0,0,0,0,0,0,0,0,0,0,0,0,0,1,0,0,0,0,0,0,0,9.46,0,1,0,0,1,0,0,00200,100,1
94,0,28.75,1.5,0,1,0,0,0,1,0,1,0,0,0,0,0,0,0,0,0,0,0,0,0,1,0,0,0,0,0,0,0,0,1.5,0,1,0,0,1,0,0,00000,225,1
95,1,28.58,3.54,1,0,0,0,1,0,0,0,0,0,1,0,0,0,0,0,0,0,0,0,0,0,0,1,0,0,0,0,0,0,0.5,0,1,0,0,1,0,0,00171,0,1
96,0,23.00,0.625,0,1,0,0,0,1,0,0,0,0,0,0,0,0,0,0,0,0,0,1,0,1,0,0,0,0,0,0,0,0,0.125,0,1,0,1,1,0,0,00180,1,1
97,0,?,0.5,1,0,0,0,1,0,0,1,0,0,0,0,0,0,0,0,0,0,0,0,0,0,0,1,0,0,0,0,0,0,0.835,0,1,0,0,0,0,1,00320,0,1
98,1,22.50,11.0,0,1,0,0,0,1,0,0,0,0,0,0,0,0,0,1,0,0,0,0,0,1,0,0,0,0,0,0,0,0,3.0,0,1,0,0,1,0,0,00268,0,1
99,1,28.50,1.0,1,0,0,0,1,0,0,0,0,0,0,0,0,0,0,1,0,0,0,0,0,1,0,0,0,0,0,0,0,0,1.0,0,0,2,0,1,0,0,00167,500,1
100,0,37.50,1.75,0,1,0,0,0,1,0,1,0,0,0,0,0,0,0,0,0,0,0,0,0,0,0,1,0,0,0,0,0,0,0.25,0,1,0,0,1,0,0,00164,400,1
101,0,35.25,16.5,0,1,0,0,0,1,0,1,0,0,0,0,0,0,0,0,0,0,0,0,0,1,0,0,0,0,0,0,0,0,4.0,0,1,0,1,1,0,0,00080,0,1
102,0,18.67,5.0,1,0,0,0,1,0,0,0,0,0,0,0,0,0,0,1,0,0,0,0,0,1,0,0,0,0,0,0,0,0,0.375,0,0,2,1,1,0,0,00000,38,1
103,0,25.00,12.0,1,0,0,0,1,0,0,0,0,0,0,0,1,0,0,0,0,0,0,0,0,1,0,0,0,0,0,0,0,0,2.25,0,0,2,0,1,0,0,00120,5,1
104,0,27.83,4.0,0,1,0,0,0,1,0,0,0,0,1,0,0,0,0,0,0,0,0,0,0,0,1,0,0,0,0,0,0,0,5.75,0,0,2,0,1,0,0,00075,0,1
105,0,54.83,15.5,1,0,0,0,1,0,0,0,0,0,0,0,0,0,0,0,0,0,1,0,0,0,0,0,0,0,1,0,0,0,0.0,0,0,20,1,1,0,0,00152,130,1
106,0,28.75,1.165,1,0,0,0,1,0,0,0,0,0,0,0,1,0,0,0,0,0,0,0,0,1,0,0,0,0,0,0,0,0,0.5,0,1,0,1,0,0,1,00280,0,1
107,1,25.00,11.0,0,1,0,0,0,1,0,0,0,0,0,0,0,0,0,0,0,0,0,1,0,1,0,0,0,0,0,0,0,0,4.5,0,1,0,1,1,0,0,00120,0,1
108,0,40.92,2.25,0,1,0,0,0,1,0,0,0,0,0,0,0,0,0,0,0,1,0,0,0,0,1,0,0,0,0,0,0,0,10.0,0,1,0,0,1,0,0,00176,0,1
109,1,19.75,0.75,1,0,0,0,1,0,0,1,0,0,0,0,0,0,0,0,0,0,0,0,0,1,0,0,0,0,0,0,0,0,0.795,0,0,5,0,1,0,0,00140,5,1
110,0,29.17,3.5,1,0,0,0,1,0,0,0,0,0,0,0,0,0,0,0,1,0,0,0,0,1,0,0,0,0,0,0,0,0,3.5,0,0,3,0,1,0,0,00329,0,1
111,1,24.50,1.04,0,1,0,0,0,1,0,0,0,0,0,0,0,0,0,0,0,0,0,0,1,0,0,0,0,0,0,0,1,0,0.5,0,0,3,1,1,0,0,00180,147,1
112,0,24.58,12.5,1,0,0,0,1,0,0,0,0,0,0,0,0,0,0,0,1,0,0,0,0,1,0,0,0,0,0,0,0,0,0.875,0,1,0,0,1,0,0,00260,0,1
113,1,33.75,0.75,1,0,0,0,1,0,0,0,0,0,0,0,1,0,0,0,0,0,0,0,0,0,0,1,0,0,0,0,0,0,1.0,0,0,3,0,1,0,0,00212,0,1
114,0,20.67,1.25,0,1,0,0,0,1,0,1,0,0,0,0,0,0,0,0,0,0,0,0,0,0,1,0,0,0,0,0,0,0,1.375,0,0,3,0,1,0,0,00140,210,1
115,1,25.42,1.125,1,0,0,0,1,0,0,0,0,0,0,0,0,0,0,1,0,0,0,0,0,1,0,0,0,0,0,0,0,0,1.29,0,0,2,1,1,0,0,00200,0,1
116,0,37.75,7.0,1,0,0,0,1,0,0,0,0,0,0,0,0,0,0,1,0,0,0,0,0,0,1,0,0,0,0,0,0,0,11.5,0,0,7,0,1,0,0,00300,5,1
117,0,52.50,6.5,1,0,0,0,1,0,0,0,0,0,0,0,1,0,0,0,0,0,0,0,0,1,0,0,0,0,0,0,0,0,6.29,0,0,15,1,1,0,0,00000,11202,0
118,0,57.83,7.04,1,0,0,0,1,0,0,0,0,0,0,0,0,1,0,0,0,0,0,0,0,1,0,0,0,0,0,0,0,0,14.0,0,0,6,0,1,0,0,00360,1332,0
119,1,20.75,10.335,1,0,0,0,1,0,0,0,0,1,0,0,0,0,0,0,0,0,0,0,0,0,1,0,0,0,0,0,0,0,0.335,0,0,1,0,1,0,0,00080,50,0
120,0,39.92,6.21,1,0,0,0,1,0,0,0,0,0,0,0,0,0,0,1,0,0,0,0,0,1,0,0,0,0,0,0,0,0,0.04,0,0,1,1,1,0,0,00200,300,0
121,0,25.67,12.5,1,0,0,0,1,0,0,0,0,1,0,0,0,0,0,0,0,0,0,0,0,1,0,0,0,0,0,0,0,0,1.21,0,0,67,0,1,0,0,00140,258,0
122,1,24.75,12.5,1,0,0,0,1,0,0,0,0,0,0,0,0,0,0,0,0,0,0,1,0,1,0,0,0,0,0,0,0,0,1.5,0,0,12,0,1,0,0,00120,567,0
123,1,44.17,6.665,1,0,0,0,1,0,0,0,0,0,0,0,0,0,0,1,0,0,0,0,0,1,0,0,0,0,0,0,0,0,7.375,0,0,3,0,1,0,0,00000,0,0
124,1,23.50,9.0,1,0,0,0,1,0,0,0,0,0,0,0,0,0,0,1,0,0,0,0,0,1,0,0,0,0,0,0,0,0,8.5,0,0,5,0,1,0,0,00120,0,0
125,0,34.92,5.0,1,0,0,0,1,0,0,0,0,0,0,0,0,0,0,0,0,1,0,0,0,0,1,0,0,0,0,0,0,0,7.5,0,0,6,0,1,0,0,00000,1000,0
126,0,47.67,2.5,1,0,0,0,1,0,0,0,0,0,0,0,0,1,0,0,0,0,0,0,0,0,0,1,0,0,0,0,0,0,2.5,0,0,12,0,1,0,0,00410,2510,0
127,0,22.75,11.0,1,0,0,0,1,0,0,0,0,0,0,0,0,0,0,1,0,0,0,0,0,1,0,0,0,0,0,0,0,0,2.5,0,0,7,0,1,0,0,00100,809,0
128,0,34.42,4.25,1,0,0,0,1,0,0,0,0,0,1,0,0,0,0,0,0,0,0,0,0,0,0,1,0,0,0,0,0,0,3.25,0,0,2,1,1,0,0,00274,610,0
129,1,28.42,3.5,1,0,0,0,1,0,0,0,0,0,0,0,0,0,0,0,1,0,0,0,0,1,0,0,0,0,0,0,0,0,0.835,0,1,0,1,0,0,1,00280,0,0
130,0,67.75,5.5,1,0,0,0,1,0,0,0,0,0,0,0,0,0,0,0,0,0,1,0,0,0,0,0,0,0,1,0,0,0,13.0,0,0,1,0,1,0,0,00000,0,0
131,0,20.42,1.835,1,0,0,0,1,0,0,1,0,0,0,0,0,0,0,0,0,0,0,0,0,1,0,0,0,0,0,0,0,0,2.25,0,0,1,1,1,0,0,00100,150,0
132,1,47.42,8.0,1,0,0,0,1,0,0,0,0,0,0,0,0,0,0,0,0,0,1,0,0,0,0,1,0,0,0,0,0,0,6.5,0,0,6,1,1,0,0,00375,51100,0
133,0,36.25,5.0,1,0,0,0,1,0,0,1,0,0,0,0,0,0,0,0,0,0,0,0,0,0,0,1,0,0,0,0,0,0,2.5,0,0,6,1,1,0,0,00000,367,0
134,0,32.67,5.5,1,0,0,0,1,0,0,0,0,0,0,0,0,0,0,1,0,0,0,0,0,0,1,0,0,0,0,0,0,0,5.5,0,0,12,0,1,0,0,00408,1000,0
135,0,48.58,6.5,1,0,0,0,1,0,0,0,0,0,0,0,0,0,0,1,0,0,0,0,0,0,1,0,0,0,0,0,0,0,6.0,0,1,0,0,1,0,0,00350,0,0
136,0,39.92,0.54,0,1,0,0,0,1,0,0,0,0,0,0,0,0,0,0,0,0,0,1,0,1,0,0,0,0,0,0,0,0,0.5,0,0,3,1,1,0,0,00200,1000,0
137,0,33.58,2.75,1,0,0,0,1,0,0,0,0,0,0,0,0,1,0,0,0,0,0,0,0,1,0,0,0,0,0,0,0,0,4.25,0,0,6,1,1,0,0,00204,0,0
138,1,18.83,9.5,1,0,0,0,1,0,0,0,0,0,0,0,0,0,0,0,1,0,0,0,0,1,0,0,0,0,0,0,0,0,1.625,0,0,6,0,1,0,0,00040,600,0
139,1,26.92,13.5,1,0,0,0,1,0,0,0,0,0,0,0,0,0,0,1,0,0,0,0,0,0,1,0,0,0,0,0,0,0,5.0,0,0,2,1,1,0,0,00000,5000,0
140,1,31.25,3.75,1,0,0,0,1,0,0,0,0,1,0,0,0,0,0,0,0,0,0,0,0,0,1,0,0,0,0,0,0,0,0.625,0,0,9,0,1,0,0,00181,0,0
141,1,56.50,16.0,1,0,0,0,1,0,0,0,0,0,0,1,0,0,0,0,0,0,0,0,0,0,0,0,0,0,0,0,1,0,0.0,0,0,15,1,1,0,0,00000,247,0
142,0,43.00,0.29,0,1,0,0,0,1,0,0,0,1,0,0,0,0,0,0,0,0,0,0,0,0,1,0,0,0,0,0,0,0,1.75,0,0,8,1,1,0,0,00100,375,0
143,0,22.33,11.0,1,0,0,0,1,0,0,0,0,0,0,0,0,0,0,0,1,0,0,0,0,1,0,0,0,0,0,0,0,0,2.0,0,0,1,1,1,0,0,00080,278,0
144,0,27.25,1.665,1,0,0,0,1,0,0,0,0,1,0,0,0,0,0,0,0,0,0,0,0,0,1,0,0,0,0,0,0,0,5.085,0,0,9,1,1,0,0,00399,827,0
145,0,32.83,2.5,1,0,0,0,1,0,0,0,0,1,0,0,0,0,0,0,0,0,0,0,0,0,1,0,0,0,0,0,0,0,2.75,0,0,6,1,1,0,0,00160,2072,0
146,0,23.25,1.5,1,0,0,0,1,0,0,0,0,0,0,0,0,0,0,1,0,0,0,0,0,1,0,0,0,0,0,0,0,0,2.375,0,0,3,0,1,0,0,00000,582,0
147,1,40.33,7.54,0,1,0,0,0,1,0,0,0,0,0,0,0,0,0,1,0,0,0,0,0,0,1,0,0,0,0,0,0,0,8.0,0,0,14,1,1,0,0,00000,2300,0
148,1,30.50,6.5,1,0,0,0,1,0,0,1,0,0,0,0,0,0,0,0,0,0,0,0,0,0,0,1,0,0,0,0,0,0,4.0,0,0,7,0,1,0,0,00000,3065,0
149,1,52.83,15.0,1,0,0,0,1,0,0,1,0,0,0,0,0,0,0,0,0,0,0,0,0,1,0,0,0,0,0,0,0,0,5.5,0,0,14,1,1,0,0,00000,2200,0
150,1,46.67,0.46,1,0,0,0,1,0,0,0,0,1,0,0,0,0,0,0,0,0,0,0,0,0,1,0,0,0,0,0,0,0,0.415,0,0,11,0,1,0,0,00440,6,0
151,1,58.33,10.0,1,0,0,0,1,0,0,0,0,0,0,0,0,0,0,1,0,0,0,0,0,1,0,0,0,0,0,0,0,0,4.0,0,0,14,1,1,0,0,00000,1602,0
152,0,37.33,6.5,1,0,0,0,1,0,0,0,0,0,0,0,0,1,0,0,0,0,0,0,0,0,1,0,0,0,0,0,0,0,4.25,0,0,12,0,1,0,0,00093,0,0
153,0,23.08,2.5,1,0,0,0,1,0,0,1,0,0,0,0,0,0,0,0,0,0,0,0,0,1,0,0,0,0,0,0,0,0,1.085,0,0,11,0,1,0,0,00060,2184,0
154,0,32.75,1.5,1,0,0,0,1,0,0,0,0,1,0,0,0,0,0,0,0,0,0,0,0,0,1,0,0,0,0,0,0,0,5.5,0,0,3,0,1,0,0,00000,0,0
155,1,21.67,11.5,0,1,0,0,0,1,0,0,0,0,0,1,0,0,0,0,0,0,0,0,0,0,0,0,1,0,0,0,0,0,0.0,0,0,11,0,1,0,0,00000,0,0
156,1,28.50,3.04,0,1,0,0,0,1,0,0,0,0,0,0,0,0,0,0,0,1,0,0,0,0,1,0,0,0,0,0,0,0,2.54,0,0,1,1,1,0,0,00070,0,0
157,1,68.67,15.0,1,0,0,0,1,0,0,0,0,0,0,0,0,0,0,0,0,0,1,0,0,0,0,0,0,0,1,0,0,0,0.0,0,0,14,1,1,0,0,00000,3376,0
158,0,28.00,2.0,1,0,0,0,1,0,0,0,0,0,0,0,1,0,0,0,0,0,0,0,0,0,1,0,0,0,0,0,0,0,4.165,0,0,2,0,1,0,0,00181,0,0
159,0,34.08,0.08,0,1,0,0,0,1,0,0,0,0,0,0,0,1,0,0,0,0,0,0,0,0,0,1,0,0,0,0,0,0,0.04,0,0,1,0,1,0,0,00280,2000,0
160,0,27.67,2.0,1,0,0,0,1,0,0,0,0,0,0,0,0,0,0,0,0,1,0,0,0,0,1,0,0,0,0,0,0,0,1.0,0,0,4,1,1,0,0,00140,7544,0
161,0,44.00,2.0,1,0,0,0,1,0,0,0,0,0,0,0,0,1,0,0,0,0,0,0,0,1,0,0,0,0,0,0,0,0,1.75,0,0,2,0,1,0,0,00000,15,0
162,0,25.08,1.71,1,0,0,0,1,0,0,0,0,0,0,0,0,0,0,0,0,1,0,0,0,1,0,0,0,0,0,0,0,0,1.665,0,0,1,0,1,0,0,00395,20,0
163,0,32.00,1.75,0,1,0,0,0,1,0,0,0,0,0,0,0,0,0,0,0,0,1,0,0,0,1,0,0,0,0,0,0,0,0.04,0,1,0,0,1,0,0,00393,0,0
164,1,60.58,16.5,1,0,0,0,1,0,0,0,0,0,0,0,0,0,0,1,0,0,0,0,0,1,0,0,0,0,0,0,0,0,11.0,0,1,0,0,1,0,0,00021,10561,0
165,1,40.83,10.0,1,0,0,0,1,0,0,0,0,0,0,0,0,0,0,1,0,0,0,0,0,0,1,0,0,0,0,0,0,0,1.75,0,1,0,1,1,0,0,00029,837,0
166,0,19.33,9.5,1,0,0,0,1,0,0,0,0,0,0,0,0,0,0,1,0,0,0,0,0,1,0,0,0,0,0,0,0,0,1.0,0,1,0,0,1,0,0,00060,400,0
167,1,32.33,0.54,1,0,0,0,1,0,0,0,0,1,0,0,0,0,0,0,0,0,0,0,0,1,0,0,0,0,0,0,0,0,0.04,0,1,0,1,1,0,0,00440,11177,0
168,0,36.67,3.25,1,0,0,0,1,0,0,0,0,0,0,0,0,0,0,1,0,0,0,0,0,0,1,0,0,0,0,0,0,0,9.0,0,1,0,0,1,0,0,00102,639,0
169,0,37.50,1.125,0,1,0,0,0,1,0,0,1,0,0,0,0,0,0,0,0,0,0,0,0,1,0,0,0,0,0,0,0,0,1.5,1,1,0,0,1,0,0,00431,0,0
170,1,25.08,2.54,0,1,0,0,0,1,0,0,0,0,0,0,0,0,0,0,0,0,0,1,0,1,0,0,0,0,0,0,0,0,0.25,0,1,0,0,1,0,0,00370,0,0
171,0,41.33,0.0,1,0,0,0,1,0,0,1,0,0,0,0,0,0,0,0,0,0,0,0,0,0,0,1,0,0,0,0,0,0,15.0,0,1,0,1,1,0,0,00000,0,0
172,0,56.00,12.5,1,0,0,0,1,0,0,0,0,0,0,0,1,0,0,0,0,0,0,0,0,0,1,0,0,0,0,0,0,0,8.0,0,1,0,0,1,0,0,00024,2028,0
173,1,49.83,13.585,1,0,0,0,1,0,0,0,0,0,0,0,1,0,0,0,0,0,0,0,0,0,1,0,0,0,0,0,0,0,8.5,0,1,0,0,1,0,0,00000,0,0
174,0,22.67,10.5,1,0,0,0,1,0,0,0,0,0,0,0,0,0,0,1,0,0,0,0,0,0,1,0,0,0,0,0,0,0,1.335,0,1,0,1,1,0,0,00100,0,0
175,0,27.00,1.5,0,1,0,0,0,1,0,0,0,0,0,0,0,0,0,0,1,0,0,0,0,1,0,0,0,0,0,0,0,0,0.375,0,1,0,0,1,0,0,00260,1065,0
176,0,25.00,12.5,1,0,0,0,1,0,0,0,0,0,0,0,0,0,0,0,0,0,0,1,0,1,0,0,0,0,0,0,0,0,3.0,0,1,0,0,0,0,1,00020,0,0
177,1,26.08,8.665,1,0,0,0,1,0,0,0,0,0,0,0,0,0,0,0,0,0,0,1,0,1,0,0,0,0,0,0,0,0,1.415,0,1,0,1,1,0,0,00160,150,0
178,1,18.42,9.25,1,0,0,0,1,0,0,0,0,0,0,0,0,0,0,1,0,0,0,0,0,1,0,0,0,0,0,0,0,0,1.21,0,0,4,1,1,0,0,00060,540,0
179,0,20.17,8.17,1,0,0,0,1,0,0,0,0,0,0,0,0,0,0,0,0,0,0,1,0,1,0,0,0,0,0,0,0,0,1.96,0,0,14,1,1,0,0,00060,158,0
180,0,47.67,0.29,1,0,0,0,1,0,0,1,0,0,0,0,0,0,0,0,0,0,0,0,0,0,0,1,0,0,0,0,0,0,15.0,0,0,20,1,1,0,0,00000,15000,0
181,1,21.25,2.335,1,0,0,0,1,0,0,0,0,0,1,0,0,0,0,0,0,0,0,0,0,0,0,1,0,0,0,0,0,0,0.5,0,0,4,1,0,0,1,00080,0,0
182,1,20.67,3.0,1,0,0,0,1,0,0,0,0,0,0,0,0,0,0,1,0,0,0,0,0,1,0,0,0,0,0,0,0,0,0.165,0,0,3,1,1,0,0,00100,6,0
183,1,57.08,19.5,1,0,0,0,1,0,0,1,0,0,0,0,0,0,0,0,0,0,0,0,0,1,0,0,0,0,0,0,0,0,5.5,0,0,7,1,1,0,0,00000,3000,0
184,1,22.42,5.665,1,0,0,0,1,0,0,0,0,0,0,0,0,0,0,1,0,0,0,0,0,1,0,0,0,0,0,0,0,0,2.585,0,0,7,1,1,0,0,00129,3257,0
185,0,48.75,8.5,1,0,0,0,1,0,0,1,0,0,0,0,0,0,0,0,0,0,0,0,0,0,1,0,0,0,0,0,0,0,12.5,0,0,9,1,1,0,0,00181,1655,0
186,0,40.00,6.5,1,0,0,0,1,0,0,0,0,0,0,0,0,0,0,0,0,0,0,1,0,0,0,1,0,0,0,0,0,0,3.5,0,0,1,1,1,0,0,00000,500,0
187,0,40.58,5.0,1,0,0,0,1,0,0,1,0,0,0,0,0,0,0,0,0,0,0,0,0,1,0,0,0,0,0,0,0,0,5.0,0,0,7,1,1,0,0,00000,3065,0
188,1,28.67,1.04,1,0,0,0,1,0,0,1,0,0,0,0,0,0,0,0,0,0,0,0,0,1,0,0,0,0,0,0,0,0,2.5,0,0,5,0,1,0,0,00300,1430,0
189,1,33.08,4.625,1,0,0,0,1,0,0,0,0,0,0,0,0,0,0,1,0,0,0,0,0,0,1,0,0,0,0,0,0,0,1.625,0,0,2,1,1,0,0,00000,0,0
190,0,21.33,10.5,1,0,0,0,1,0,0,1,0,0,0,0,0,0,0,0,0,0,0,0,0,1,0,0,0,0,0,0,0,0,3.0,0,1,0,0,1,0,0,00000,0,0
191,0,42.00,0.205,1,0,0,0,1,0,0,0,0,0,1,0,0,0,0,0,0,0,0,0,0,0,1,0,0,0,0,0,0,0,5.125,0,1,0,1,1,0,0,00400,0,0
192,0,41.75,0.96,1,0,0,0,1,0,0,0,0,0,0,0,0,0,0,0,0,1,0,0,0,1,0,0,0,0,0,0,0,0,2.5,0,1,0,1,1,0,0,00510,600,0
193,0,22.67,1.585,0,1,0,0,0,1,0,0,0,0,0,0,0,0,0,0,1,0,0,0,0,1,0,0,0,0,0,0,0,0,3.085,0,0,6,1,1,0,0,00080,0,0
194,0,34.50,4.04,0,1,0,0,0,1,0,0,0,0,1,0,0,0,0,0,0,0,0,0,0,0,0,1,0,0,0,0,0,0,8.5,0,0,7,0,1,0,0,00195,0,0
195,0,28.25,5.04,0,1,0,0,0,1,0,1,0,0,0,0,0,0,0,0,0,0,0,0,0,0,0,1,0,0,0,0,0,0,1.5,0,0,8,0,1,0,0,00144,7,0
196,0,33.17,3.165,0,1,0,0,0,1,0,0,0,0,0,0,0,0,0,0,0,1,0,0,0,1,0,0,0,0,0,0,0,0,3.165,0,0,3,0,1,0,0,00380,0,0
197,0,48.17,7.625,1,0,0,0,1,0,0,0,0,0,0,0,0,0,0,0,1,0,0,0,0,0,1,0,0,0,0,0,0,0,15.5,0,0,12,1,1,0,0,00000,790,0
198,0,27.58,2.04,0,1,0,0,0,1,0,0,0,0,0,0,0,0,0,0,0,0,0,1,0,1,0,0,0,0,0,0,0,0,2.0,0,0,3,0,1,0,0,00370,560,0
199,0,22.58,10.04,1,0,0,0,1,0,0,0,0,0,0,0,0,0,0,0,0,1,0,0,0,1,0,0,0,0,0,0,0,0,0.04,0,0,9,1,1,0,0,00060,396,0
200,1,24.08,0.5,1,0,0,0,1,0,0,0,0,0,0,0,0,0,0,1,0,0,0,0,0,0,1,0,0,0,0,0,0,0,1.25,0,0,1,1,1,0,0,00000,678,0
201,1,41.33,1.0,1,0,0,0,1,0,0,0,0,0,1,0,0,0,0,0,0,0,0,0,0,0,0,1,0,0,0,0,0,0,2.25,0,1,0,0,1,0,0,00000,300,0
202,0,24.83,2.75,1,0,0,0,1,0,0,1,0,0,0,0,0,0,0,0,0,0,0,0,0,1,0,0,0,0,0,0,0,0,2.25,0,0,6,1,1,0,0,?,600,0
203,1,20.75,10.25,1,0,0,0,1,0,0,0,0,0,0,0,0,0,0,1,0,0,0,0,0,1,0,0,0,0,0,0,0,0,0.71,0,0,2,0,1,0,0,00049,0,0
204,0,36.33,2.125,0,1,0,0,0,1,0,0,0,0,0,0,0,0,0,0,1,0,0,0,0,1,0,0,0,0,0,0,0,0,0.085,0,0,1,1,1,0,0,00050,1187,0
205,1,35.42,12.0,1,0,0,0,1,0,0,0,0,0,0,0,0,0,0,1,0,0,0,0,0,0,1,0,0,0,0,0,0,0,14.0,0,0,8,1,1,0,0,00000,6590,0
206,1,71.58,0.0,0,0,0,0,0,0,0,0,0,0,0,0,0,0,0,0,0,0,0,0,0,0,0,0,0,0,0,0,0,0,0.0,1,1,0,1,0,1,0,?,0,0
207,0,28.67,9.335,1,0,0,0,1,0,0,0,0,0,0,0,0,0,0,1,0,0,0,0,0,0,1,0,0,0,0,0,0,0,5.665,0,0,6,1,1,0,0,00381,168,0
208,0,35.17,2.5,1,0,0,0,1,0,0,0,0,0,0,0,1,0,0,0,0,0,0,0,0,1,0,0,0,0,0,0,0,0,4.5,0,0,7,1,1,0,0,00150,1270,0
209,0,39.50,4.25,1,0,0,0,1,0,0,1,0,0,0,0,0,0,0,0,0,0,0,0,0,0,0,1,0,0,0,0,0,0,6.5,0,0,16,1,1,0,0,00117,1210,0
210,0,39.33,5.875,1,0,0,0,1,0,0,0,0,1,0,0,0,0,0,0,0,0,0,0,0,0,1,0,0,0,0,0,0,0,10.0,0,0,14,0,1,0,0,00399,0,0
211,0,24.33,6.625,0,1,0,0,0,1,0,0,1,0,0,0,0,0,0,0,0,0,0,0,0,1,0,0,0,0,0,0,0,0,5.5,0,1,0,0,0,0,1,00100,0,0
212,0,60.08,14.5,1,0,0,0,1,0,0,0,0,0,0,0,0,0,0,0,0,0,0,0,1,0,0,0,0,0,0,0,1,0,18.0,0,0,15,0,1,0,0,00000,1000,0
213,0,23.08,11.5,1,0,0,0,1,0,0,0,0,0,1,0,0,0,0,0,0,0,0,0,0,1,0,0,0,0,0,0,0,0,3.5,0,0,9,1,1,0,0,00056,742,0
214,0,26.67,2.71,0,1,0,0,0,1,0,0,0,1,0,0,0,0,0,0,0,0,0,0,0,1,0,0,0,0,0,0,0,0,5.25,0,0,1,1,1,0,0,00211,0,0
215,0,48.17,3.5,1,0,0,0,1,0,0,0,0,0,0,0,0,0,0,0,0,0,0,1,0,1,0,0,0,0,0,0,0,0,3.5,0,1,0,1,0,0,1,00230,0,0
216,0,41.17,4.04,1,0,0,0,1,0,0,0,0,1,0,0,0,0,0,0,0,0,0,0,0,0,1,0,0,0,0,0,0,0,7.0,0,0,8,1,1,0,0,00320,0,0
217,0,55.92,11.5,1,0,0,0,1,0,0,0,0,0,0,0,0,0,0,0,0,0,0,0,1,0,0,0,0,0,0,0,1,0,5.0,0,0,5,1,1,0,0,00000,8851,0
218,0,53.92,9.625,1,0,0,0,1,0,0,0,0,0,0,0,0,0,0,0,0,0,1,0,0,1,0,0,0,0,0,0,0,0,8.665,0,0,5,1,1,0,0,00000,0,0
219,1,18.92,9.25,0,1,0,0,0,1,0,1,0,0,0,0,0,0,0,0,0,0,0,0,0,1,0,0,0,0,0,0,0,0,1.0,0,0,4,0,1,0,0,00080,500,0
220,1,50.08,12.54,1,0,0,0,1,0,0,0,0,0,0,0,0,0,0,0,0,0,0,1,0,1,0,0,0,0,0,0,0,0,2.29,0,0,3,0,1,0,0,00156,0,0
221,0,65.42,11.0,1,0,0,0,1,0,0,0,0,0,0,0,0,0,0,0,0,0,1,0,0,0,0,0,0,0,1,0,0,0,20.0,0,0,7,0,1,0,0,00022,0,0
222,1,17.58,9.0,1,0,0,0,1,0,0,0,0,0,0,0,0,0,0,0,0,0,0,1,0,1,0,0,0,0,0,0,0,0,1.375,0,1,0,0,1,0,0,00000,0,0
223,1,18.83,9.54,1,0,0,0,1,0,0,0,0,0,0,0,0,0,0,0,0,0,0,1,0,1,0,0,0,0,0,0,0,0,0.085,0,1,0,1,1,0,0,00100,0,0
224,1,37.75,5.5,1,0,0,0,1,0,0,0,0,0,0,0,0,0,0,1,0,0,0,0,0,1,0,0,0,0,0,0,0,0,0.125,0,1,0,0,1,0,0,00228,0,0
225,0,23.25,4.0,1,0,0,0,1,0,0,1,0,0,0,0,0,0,0,0,0,0,0,0,0,0,0,1,0,0,0,0,0,0,0.25,0,1,0,0,1,0,0,00160,0,0
226,0,18.08,5.5,1,0,0,0,1,0,0,0,0,0,0,0,1,0,0,0,0,0,0,0,0,1,0,0,0,0,0,0,0,0,0.5,0,1,0,1,1,0,0,00080,0,0
227,1,22.50,8.46,0,1,0,0,0,1,0,0,0,0,0,0,0,0,0,0,0,1,0,0,0,1,0,0,0,0,0,0,0,0,2.46,1,1,0,1,1,0,0,00164,0,0
228,0,19.67,0.375,1,0,0,0,1,0,0,0,0,0,0,0,0,0,0,1,0,0,0,0,0,1,0,0,0,0,0,0,0,0,2.0,0,0,2,0,1,0,0,00080,0,0
229,0,22.08,11.0,1,0,0,0,1,0,0,0,0,1,0,0,0,0,0,0,0,0,0,0,0,1,0,0,0,0,0,0,0,0,0.665,0,1,0,1,1,0,0,00100,0,0
230,0,25.17,3.5,1,0,0,0,1,0,0,0,0,1,0,0,0,0,0,0,0,0,0,0,0,1,0,0,0,0,0,0,0,0,0.625,0,0,7,1,1,0,0,00000,7059,0
231,1,47.42,3.0,1,0,0,0,1,0,0,0,0,0,0,0,0,0,0,0,0,1,0,0,0,1,0,0,0,0,0,0,0,0,13.875,0,0,2,0,1,0,0,00519,1704,0
232,0,33.50,1.75,1,0,0,0,1,0,0,0,0,0,0,0,0,0,0,0,0,1,0,0,0,0,1,0,0,0,0,0,0,0,4.5,0,0,4,0,1,0,0,00253,857,0
233,0,27.67,13.75,1,0,0,0,1,0,0,0,0,0,0,0,0,0,0,0,1,0,0,0,0,1,0,0,0,0,0,0,0,0,5.75,0,1,0,0,1,0,0,00487,500,0
234,1,58.42,21.0,1,0,0,0,1,0,0,0,0,0,1,0,0,0,0,0,0,0,0,0,0,0,0,1,0,0,0,0,0,0,10.0,0,0,13,1,1,0,0,00000,6700,0
235,1,20.67,1.835,1,0,0,0,1,0,0,0,0,0,0,0,0,0,0,1,0,0,0,0,0,1,0,0,0,0,0,0,0,0,2.085,0,0,5,1,1,0,0,00220,2503,0
236,0,26.17,0.25,1,0,0,0,1,0,0,0,0,0,1,0,0,0,0,0,0,0,0,0,0,0,0,1,0,0,0,0,0,0,0.0,0,1,0,0,1,0,0,00000,0,0
237,0,21.33,7.5,1,0,0,0,1,0,0,0,0,0,0,0,0,0,0,0,0,0,0,1,0,1,0,0,0,0,0,0,0,0,1.415,0,0,1,1,1,0,0,00080,9800,0
238,0,42.83,4.625,1,0,0,0,1,0,0,0,0,0,0,0,0,0,0,1,0,0,0,0,0,1,0,0,0,0,0,0,0,0,4.58,0,1,0,1,0,0,1,00000,0,0
239,0,38.17,10.125,1,0,0,0,1,0,0,0,0,0,0,0,0,0,0,0,0,1,0,0,0,1,0,0,0,0,0,0,0,0,2.5,0,0,6,1,1,0,0,00520,196,0
240,0,20.50,10.0,0,1,0,0,0,1,0,1,0,0,0,0,0,0,0,0,0,0,0,0,0,1,0,0,0,0,0,0,0,0,2.5,0,1,0,1,0,0,1,00040,0,0
241,0,48.25,25.085,1,0,0,0,1,0,0,0,0,0,0,0,0,0,0,0,1,0,0,0,0,1,0,0,0,0,0,0,0,0,1.75,0,0,3,1,1,0,0,00120,14,0
242,0,28.33,5.0,1,0,0,0,1,0,0,0,0,0,0,0,0,0,0,0,1,0,0,0,0,1,0,0,0,0,0,0,0,0,11.0,0,1,0,0,1,0,0,00070,0,0
243,1,18.75,7.5,1,0,0,0,1,0,0,0,0,0,0,0,0,0,0,1,0,0,0,0,0,1,0,0,0,0,0,0,0,0,2.71,0,0,5,1,1,0,0,?,26726,0
244,0,18.50,2.0,1,0,0,0,1,0,0,0,0,0,1,0,0,0,0,0,0,0,0,0,0,1,0,0,0,0,0,0,0,0,1.5,0,0,2,1,1,0,0,00120,300,0
245,0,33.17,3.04,0,1,0,0,0,1,0,1,0,0,0,0,0,0,0,0,0,0,0,0,0,0,1,0,0,0,0,0,0,0,2.04,0,0,1,0,1,0,0,00180,18027,0
246,0,45.00,8.5,1,0,0,0,1,0,0,0,0,1,0,0,0,0,0,0,0,0,0,0,0,0,1,0,0,0,0,0,0,0,14.0,0,0,1,0,1,0,0,00088,2000,0
247,1,19.67,0.21,1,0,0,0,1,0,0,0,0,0,0,0,0,0,0,1,0,0,0,0,0,0,1,0,0,0,0,0,0,0,0.29,0,0,11,1,1,0,0,00080,99,0
248,?,24.50,12.75,1,0,0,0,1,0,0,1,0,0,0,0,0,0,0,0,0,0,0,0,0,0,0,1,0,0,0,0,0,0,4.75,0,0,2,1,1,0,0,00073,444,0
249,0,21.83,11.0,1,0,0,0,1,0,0,0,0,0,0,0,0,0,0,0,0,1,0,0,0,1,0,0,0,0,0,0,0,0,0.29,0,0,6,1,1,0,0,00121,0,0
250,0,40.25,21.5,1,0,0,0,1,0,0,0,0,0,0,0,0,0,0,0,0,0,1,0,0,0,0,0,0,0,1,0,0,0,20.0,0,0,11,1,1,0,0,00000,1200,0
251,0,41.42,5.0,1,0,0,0,1,0,0,0,0,0,0,0,0,0,0,1,0,0,0,0,0,0,1,0,0,0,0,0,0,0,5.0,0,0,6,0,1,0,0,00470,0,0
252,1,17.83,11.0,1,0,0,0,1,0,0,0,0,0,0,0,0,0,0,0,0,1,0,0,0,0,1,0,0,0,0,0,0,0,1.0,0,0,11,1,1,0,0,00000,3000,0
253,0,23.17,11.125,1,0,0,0,1,0,0,0,0,0,0,0,0,0,0,0,0,1,0,0,0,0,1,0,0,0,0,0,0,0,0.46,0,0,1,1,1,0,0,00100,0,0
254,0,?,0.625,1,0,0,0,1,0,0,0,0,0,0,0,1,0,0,0,0,0,0,0,0,1,0,0,0,0,0,0,0,0,0.25,1,1,0,1,1,0,0,00380,2010,1
255,0,18.17,10.25,1,0,0,0,1,0,0,1,0,0,0,0,0,0,0,0,0,0,0,0,0,0,1,0,0,0,0,0,0,0,1.085,1,1,0,1,1,0,0,00320,13,1
256,0,20.00,11.045,1,0,0,0,1,0,0,1,0,0,0,0,0,0,0,0,0,0,0,0,0,1,0,0,0,0,0,0,0,0,2.0,1,1,0,0,1,0,0,00136,0,1
257,0,20.00,0.0,1,0,0,0,1,0,0,0,1,0,0,0,0,0,0,0,0,0,0,0,0,1,0,0,0,0,0,0,0,0,0.5,1,1,0,1,1,0,0,00144,0,1
258,1,20.75,9.54,1,0,0,0,1,0,0,0,0,0,1,0,0,0,0,0,0,0,0,0,0,1,0,0,0,0,0,0,0,0,0.04,1,1,0,1,1,0,0,00200,1000,1
259,1,24.50,1.75,0,1,0,0,0,1,0,1,0,0,0,0,0,0,0,0,0,0,0,0,0,1,0,0,0,0,0,0,0,0,0.165,1,1,0,1,1,0,0,00132,0,1
260,0,32.75,2.335,1,0,0,0,1,0,0,0,1,0,0,0,0,0,0,0,0,0,0,0,0,0,1,0,0,0,0,0,0,0,5.75,1,1,0,0,1,0,0,00292,0,1
261,1,52.17,0.0,0,1,0,0,0,1,0,0,0,0,0,0,0,0,0,0,0,0,0,0,1,0,0,0,0,0,0,0,1,0,0.0,1,1,0,1,1,0,0,00000,0,1
262,1,48.17,1.335,1,0,0,0,1,0,0,0,0,0,1,0,0,0,0,0,0,0,0,0,0,0,0,0,0,0,0,0,0,1,0.335,1,1,0,1,1,0,0,00000,120,1
263,1,20.42,10.5,0,1,0,0,0,1,0,0,0,0,0,0,0,0,0,0,0,1,0,0,0,0,1,0,0,0,0,0,0,0,0.0,1,1,0,0,1,0,0,00154,32,1
264,0,50.75,0.585,1,0,0,0,1,0,0,0,0,0,0,0,0,0,0,0,0,0,0,0,1,0,0,0,0,0,0,0,1,0,0.0,1,1,0,1,1,0,0,00145,0,1
265,0,17.08,0.085,0,1,0,0,0,1,0,1,0,0,0,0,0,0,0,0,0,0,0,0,0,1,0,0,0,0,0,0,0,0,0.04,1,1,0,1,1,0,0,00140,722,1
266,0,18.33,1.21,0,1,0,0,0,1,0,0,0,0,0,0,0,0,0,0,0,0,1,0,0,0,0,0,0,0,0,1,0,0,0.0,1,1,0,1,1,0,0,00100,0,1
267,1,32.00,6.0,1,0,0,0,1,0,0,0,1,0,0,0,0,0,0,0,0,0,0,0,0,1,0,0,0,0,0,0,0,0,1.25,1,1,0,1,1,0,0,00272,0,1
268,0,59.67,1.54,1,0,0,0,1,0,0,0,0,0,0,0,0,0,0,1,0,0,0,0,0,1,0,0,0,0,0,0,0,0,0.125,0,1,0,0,1,0,0,00260,0,0
269,0,18.00,0.165,1,0,0,0,1,0,0,0,0,0,0,0,0,0,0,1,0,0,0,0,0,0,0,0,0,1,0,0,0,0,0.21,1,1,0,1,1,0,0,00200,40,0
270,0,37.58,0.0,0,0,0,0,0,0,0,0,0,0,0,0,0,0,0,0,0,0,0,0,0,0,0,0,0,0,0,0,0,0,0.0,1,1,0,1,0,1,0,?,0,0
271,0,32.33,2.5,1,0,0,0,1,0,0,1,0,0,0,0,0,0,0,0,0,0,0,0,0,1,0,0,0,0,0,0,0,0,1.25,1,1,0,0,1,0,0,00280,0,1
272,0,18.08,6.75,0,1,0,0,0,1,0,0,0,0,0,0,0,1,0,0,0,0,0,0,0,1,0,0,0,0,0,0,0,0,0.04,1,1,0,1,1,0,0,00140,0,1
273,0,38.25,10.125,0,1,0,0,0,1,0,0,0,0,0,0,1,0,0,0,0,0,0,0,0,1,0,0,0,0,0,0,0,0,0.125,1,1,0,1,1,0,0,00160,0,1
274,0,30.67,2.5,1,0,0,0,1,0,0,0,0,1,0,0,0,0,0,0,0,0,0,0,0,0,1,0,0,0,0,0,0,0,2.25,1,1,0,0,0,0,1,00340,0,1
275,0,18.58,5.71,1,0,0,0,1,0,0,0,1,0,0,0,0,0,0,0,0,0,0,0,0,1,0,0,0,0,0,0,0,0,0.54,1,1,0,1,1,0,0,00120,0,1
276,1,19.17,5.415,1,0,0,0,1,0,0,0,0,0,1,0,0,0,0,0,0,0,0,0,0,0,1,0,0,0,0,0,0,0,0.29,1,1,0,1,1,0,0,00080,484,1
277,1,18.17,10.0,0,1,0,0,0,1,0,0,0,0,0,0,0,0,0,1,0,0,0,0,0,0,1,0,0,0,0,0,0,0,0.165,1,1,0,1,1,0,0,00340,0,1
278,0,24.58,13.5,0,1,0,0,0,1,0,0,0,0,0,0,0,0,0,0,0,0,0,0,1,0,0,0,0,0,0,0,1,0,0.0,1,1,0,1,1,0,0,?,0,1
279,0,16.25,0.835,1,0,0,0,1,0,0,0,0,0,0,0,0,1,0,0,0,0,0,0,0,1,0,0,0,0,0,0,0,0,0.085,0,1,0,1,0,0,1,00200,0,1
280,0,21.17,0.875,0,1,0,0,0,1,0,1,0,0,0,0,0,0,0,0,0,0,0,0,0,0,1,0,0,0,0,0,0,0,0.25,1,1,0,1,1,0,0,00280,204,1
281,0,23.92,0.585,0,1,0,0,0,1,0,0,0,1,0,0,0,0,0,0,0,0,0,0,0,0,1,0,0,0,0,0,0,0,0.125,1,1,0,1,1,0,0,00240,1,1
282,0,17.67,4.46,1,0,0,0,1,0,0,1,0,0,0,0,0,0,0,0,0,0,0,0,0,1,0,0,0,0,0,0,0,0,0.25,1,1,0,1,0,0,1,00080,0,1
283,1,16.50,1.25,1,0,0,0,1,0,0,0,0,0,0,0,0,0,0,1,0,0,0,0,0,1,0,0,0,0,0,0,0,0,0.25,1,0,1,1,1,0,0,00108,98,1
284,0,23.25,12.625,1,0,0,0,1,0,0,1,0,0,0,0,0,0,0,0,0,0,0,0,0,1,0,0,0,0,0,0,0,0,0.125,1,0,2,1,1,0,0,00000,5552,1
285,0,17.58,10.0,1,0,0,0,1,0,0,0,0,0,0,0,0,0,0,0,1,0,0,0,0,0,1,0,0,0,0,0,0,0,0.165,1,0,1,1,1,0,0,00120,1,1
286,1,?,1.5,1,0,0,0,1,0,0,0,0,0,0,0,0,0,0,0,0,0,0,0,1,0,0,0,0,0,0,0,1,0,0.0,1,0,2,0,1,0,0,00200,105,1
287,0,29.50,0.58,1,0,0,0,1,0,0,0,0,0,0,0,0,0,0,0,1,0,0,0,0,1,0,0,0,0,0,0,0,0,0.29,1,0,1,1,1,0,0,00340,2803,1
288,0,18.83,0.415,0,1,0,0,0,1,0,1,0,0,0,0,0,0,0,0,0,0,0,0,0,1,0,0,0,0,0,0,0,0,0.165,1,0,1,1,1,0,0,00200,1,1
289,1,21.75,1.75,0,1,0,0,0,1,0,0,0,0,0,1,0,0,0,0,0,0,0,0,0,0,0,0,1,0,0,0,0,0,0.0,1,1,0,1,1,0,0,00160,0,1
290,0,23.00,0.75,1,0,0,0,1,0,0,0,0,0,0,0,0,1,0,0,0,0,0,0,0,1,0,0,0,0,0,0,0,0,0.5,1,1,0,0,0,0,1,00320,0,1
291,1,18.25,10.0,1,0,0,0,1,0,0,0,0,0,0,0,0,0,0,0,1,0,0,0,0,1,0,0,0,0,0,0,0,0,1.0,1,0,1,1,1,0,0,00120,1,1
292,0,25.42,0.54,1,0,0,0,1,0,0,0,0,0,0,0,0,0,0,0,1,0,0,0,0,1,0,0,0,0,0,0,0,0,0.165,1,0,1,1,1,0,0,00272,444,1
293,0,35.75,2.415,1,0,0,0,1,0,0,0,0,0,0,0,0,0,0,0,1,0,0,0,0,1,0,0,0,0,0,0,0,0,0.125,1,0,2,1,1,0,0,00220,1,1
294,1,16.08,0.335,1,0,0,0,1,0,0,0,0,0,0,0,0,0,0,0,0,0,0,0,1,0,0,0,0,0,0,0,1,0,0.0,1,0,1,1,1,0,0,00160,126,1
295,1,31.92,3.125,1,0,0,0,1,0,0,0,0,0,0,0,0,0,0,0,0,0,0,0,1,0,0,0,0,0,0,0,1,0,3.04,1,0,2,0,1,0,0,00200,4,1
296,0,69.17,9.0,1,0,0,0,1,0,0,0,0,0,0,0,0,0,0,0,0,0,0,0,1,0,0,0,0,0,0,0,1,0,4.0,1,0,1,1,1,0,0,00070,6,1
297,0,32.92,2.5,1,0,0,0,1,0,0,0,0,0,0,0,0,0,0,0,0,0,0,1,0,1,0,0,0,0,0,0,0,0,1.75,1,0,2,0,1,0,0,00720,0,1
298,0,16.33,2.75,1,0,0,0,1,0,0,0,0,0,0,0,0,0,0,0,0,0,0,1,0,1,0,0,0,0,0,0,0,0,0.665,1,0,1,1,1,0,0,00080,21,1
299,0,22.17,12.125,1,0,0,0,1,0,0,1,0,0,0,0,0,0,0,0,0,0,0,0,0,1,0,0,0,0,0,0,0,0,3.335,1,0,2,0,1,0,0,00180,173,1
300,1,57.58,2.0,1,0,0,0,1,0,0,0,0,0,0,0,0,0,0,0,0,0,0,0,1,0,0,0,0,0,0,0,1,0,6.5,1,0,1,1,1,0,0,00000,10,1
301,0,18.25,0.165,1,0,0,0,1,0,0,0,1,0,0,0,0,0,0,0,0,0,0,0,0,1,0,0,0,0,0,0,0,0,0.25,1,1,0,0,0,0,1,00280,0,1
302,0,23.42,1.0,1,0,0,0,1,0,0,1,0,0,0,0,0,0,0,0,0,0,0,0,0,1,0,0,0,0,0,0,0,0,0.5,1,1,0,0,0,0,1,00280,0,1
303,1,15.92,2.875,1,0,0,0,1,0,0,0,0,0,0,0,0,0,0,1,0,0,0,0,0,1,0,0,0,0,0,0,0,0,0.085,1,1,0,1,1,0,0,00120,0,1
304,1,24.75,13.665,1,0,0,0,1,0,0,0,0,0,0,0,0,0,0,1,0,0,0,0,0,0,1,0,0,0,0,0,0,0,1.5,1,1,0,1,1,0,0,00280,1,1
305,0,48.75,26.335,0,1,0,0,0,1,0,0,0,0,0,0,0,0,0,0,0,0,0,0,1,0,0,0,0,0,0,0,1,0,0.0,0,1,0,0,1,0,0,00000,0,1
306,0,23.50,2.75,1,0,0,0,1,0,0,0,0,0,0,0,0,0,0,0,0,0,0,0,1,0,0,0,0,0,0,0,1,0,4.5,1,1,0,1,1,0,0,00160,25,1
307,0,18.58,10.29,1,0,0,0,1,0,0,0,0,0,0,0,0,0,0,0,0,0,0,0,1,0,0,0,0,0,0,0,1,0,0.415,1,1,0,1,1,0,0,00080,0,1
308,0,27.75,1.29,1,0,0,0,1,0,0,0,0,0,0,0,1,0,0,0,0,0,0,0,0,0,1,0,0,0,0,0,0,0,0.25,1,1,0,0,0,0,1,00140,0,1
309,1,31.75,3.0,0,1,0,0,0,1,0,0,0,0,0,1,0,0,0,0,0,0,0,0,0,0,0,0,1,0,0,0,0,0,0.0,1,1,0,1,1,0,0,00160,20,1
310,1,24.83,4.5,1,0,0,0,1,0,0,0,0,0,0,0,0,0,0,0,1,0,0,0,0,1,0,0,0,0,0,0,0,0,1.0,1,1,0,0,1,0,0,00360,6,1
311,0,19.00,1.75,0,1,0,0,0,1,0,1,0,0,0,0,0,0,0,0,0,0,0,0,0,1,0,0,0,0,0,0,0,0,2.335,1,1,0,0,1,0,0,00112,6,1
312,1,16.33,0.21,1,0,0,0,1,0,0,0,0,0,0,0,0,0,0,0,0,0,0,1,0,1,0,0,0,0,0,0,0,0,0.125,1,1,0,1,1,0,0,00200,1,1
313,1,18.58,10.0,1,0,0,0,1,0,0,0,1,0,0,0,0,0,0,0,0,0,0,0,0,1,0,0,0,0,0,0,0,0,0.415,1,1,0,1,1,0,0,00080,42,1
314,0,16.25,0.0,0,1,0,0,0,1,0,0,0,0,0,0,0,0,0,0,0,0,0,1,0,1,0,0,0,0,0,0,0,0,0.25,1,1,0,1,1,0,0,00060,0,1
315,0,23.00,0.75,1,0,0,0,1,0,0,0,0,0,0,0,0,1,0,0,0,0,0,0,0,1,0,0,0,0,0,0,0,0,0.5,0,1,0,0,0,0,1,00320,0,1
316,0,21.17,0.25,0,1,0,0,0,1,0,1,0,0,0,0,0,0,0,0,0,0,0,0,0,0,1,0,0,0,0,0,0,0,0.25,1,1,0,1,1,0,0,00280,204,1
317,0,17.50,22.0,0,0,1,0,0,0,1,0,0,0,0,0,0,0,0,0,0,0,0,0,1,0,0,0,0,0,0,0,0,1,0.0,1,1,0,0,0,1,0,00450,100000,0
318,0,19.17,0.0,0,1,0,0,0,1,0,0,0,0,0,0,0,1,0,0,0,0,0,0,0,0,0,1,0,0,0,0,0,0,0.0,1,1,0,0,0,0,1,00500,1,0
319,0,36.75,0.125,0,1,0,0,0,1,0,1,0,0,0,0,0,0,0,0,0,0,0,0,0,1,0,0,0,0,0,0,0,0,1.5,1,1,0,0,1,0,0,00232,113,0
320,0,21.25,1.5,1,0,0,0,1,0,0,0,0,0,0,0,0,0,0,0,1,0,0,0,0,1,0,0,0,0,0,0,0,0,1.5,1,1,0,1,1,0,0,00150,8,0
321,1,18.08,0.375,0,0,1,0,0,0,1,0,0,1,0,0,0,0,0,0,0,0,0,0,0,0,0,0,0,0,0,0,1,0,10.0,1,1,0,0,0,0,1,00300,0,0
322,1,33.67,0.375,1,0,0,0,1,0,0,0,0,1,0,0,0,0,0,0,0,0,0,0,0,1,0,0,0,0,0,0,0,0,0.375,1,1,0,1,1,0,0,00300,44,0
323,0,48.58,0.205,0,1,0,0,0,1,0,0,0,0,0,0,1,0,0,0,0,0,0,0,0,1,0,0,0,0,0,0,0,0,0.25,0,0,11,1,1,0,0,00380,2732,0
324,0,33.67,1.25,1,0,0,0,1,0,0,0,0,0,0,0,0,0,0,0,1,0,0,0,0,1,0,0,0,0,0,0,0,0,1.165,1,1,0,1,1,0,0,00120,0,1
325,1,29.50,1.085,0,1,0,0,0,1,0,0,0,0,0,0,0,0,0,0,0,1,0,0,0,1,0,0,0,0,0,0,0,0,1.0,1,1,0,1,1,0,0,00280,13,1
326,0,30.17,1.085,0,1,0,0,0,1,0,1,0,0,0,0,0,0,0,0,0,0,0,0,0,1,0,0,0,0,0,0,0,0,0.04,1,1,0,1,1,0,0,00170,179,1
327,?,40.83,3.5,1,0,0,0,1,0,0,0,0,0,1,0,0,0,0,0,0,0,0,0,0,0,0,1,0,0,0,0,0,0,0.5,1,1,0,1,0,0,1,01160,0,1
328,0,34.83,2.5,0,1,0,0,0,1,0,0,0,0,0,0,0,0,0,0,1,0,0,0,0,1,0,0,0,0,0,0,0,0,3.0,1,1,0,1,0,0,1,00200,0,1
329,0,?,4.0,0,1,0,0,0,1,0,0,0,0,1,0,0,0,0,0,0,0,0,0,0,1,0,0,0,0,0,0,0,0,0.085,1,1,0,0,1,0,0,00411,0,1
330,0,20.42,0.0,0,0,0,0,0,0,0,0,0,0,0,0,0,0,0,0,0,0,0,0,0,0,0,0,0,0,0,0,0,0,0.0,1,1,0,1,0,1,0,?,0,1
331,1,33.25,2.5,0,1,0,0,0,1,0,1,0,0,0,0,0,0,0,0,0,0,0,0,0,1,0,0,0,0,0,0,0,0,2.5,1,1,0,0,1,0,0,00000,2,1
332,0,34.08,2.5,1,0,0,0,1,0,0,1,0,0,0,0,0,0,0,0,0,0,0,0,0,1,0,0,0,0,0,0,0,0,1.0,1,1,0,1,1,0,0,00460,16,1
333,1,25.25,12.5,1,0,0,0,1,0,0,0,1,0,0,0,0,0,0,0,0,0,0,0,0,1,0,0,0,0,0,0,0,0,1.0,1,1,0,0,1,0,0,00180,1062,1
334,0,34.75,2.5,1,0,0,0,1,0,0,0,0,1,0,0,0,0,0,0,0,0,0,0,0,0,0,1,0,0,0,0,0,0,0.5,1,1,0,1,1,0,0,00348,0,1
335,0,27.67,0.75,1,0,0,0,1,0,0,0,0,0,0,0,0,0,0,1,0,0,0,0,0,0,1,0,0,0,0,0,0,0,0.165,1,1,0,0,1,0,0,00220,251,1
336,0,47.33,6.5,1,0,0,0,1,0,0,1,0,0,0,0,0,0,0,0,0,0,0,0,0,1,0,0,0,0,0,0,0,0,1.0,1,1,0,0,1,0,0,00000,228,1
337,1,34.83,1.25,0,1,0,0,0,1,0,0,0,0,1,0,0,0,0,0,0,0,0,0,0,0,1,0,0,0,0,0,0,0,0.5,1,1,0,0,1,0,0,00160,0,1
338,1,33.25,3.0,0,1,0,0,0,1,0,0,0,0,0,0,0,0,0,0,0,0,0,1,0,1,0,0,0,0,0,0,0,0,2.0,1,1,0,1,1,0,0,00180,0,1
339,0,28.00,3.0,1,0,0,0,1,0,0,0,0,0,0,0,0,0,0,0,1,0,0,0,0,1,0,0,0,0,0,0,0,0,0.75,1,1,0,0,1,0,0,00300,67,1
340,1,39.08,4.0,1,0,0,0,1,0,0,1,0,0,0,0,0,0,0,0,0,0,0,0,0,1,0,0,0,0,0,0,0,0,3.0,1,1,0,1,1,0,0,00480,0,1
341,0,42.75,4.085,1,0,0,0,1,0,0,0,0,0,0,0,0,0,0,0,0,0,0,1,0,1,0,0,0,0,0,0,0,0,0.04,1,1,0,1,1,0,0,00108,100,1
342,0,26.92,2.25,1,0,0,0,1,0,0,0,0,0,1,0,0,0,0,0,0,0,0,0,0,0,0,1,0,0,0,0,0,0,0.5,1,1,0,0,1,0,0,00640,4000,1
343,0,33.75,2.75,1,0,0,0,1,0,0,0,0,0,1,0,0,0,0,0,0,0,0,0,0,0,0,1,0,0,0,0,0,0,0.0,1,1,0,1,1,0,0,00180,0,1
344,0,38.92,1.75,1,0,0,0,1,0,0,0,0,0,0,0,1,0,0,0,0,0,0,0,0,1,0,0,0,0,0,0,0,0,0.5,1,1,0,0,1,0,0,00300,2,1
345,0,62.75,7.0,1,0,0,0,1,0,0,0,0,0,0,0,0,0,0,0,0,0,1,0,0,0,0,0,0,0,1,0,0,0,0.0,1,1,0,1,1,0,0,00000,12,1
346,?,32.25,1.5,1,0,0,0,1,0,0,1,0,0,0,0,0,0,0,0,0,0,0,0,0,1,0,0,0,0,0,0,0,0,0.25,1,1,0,0,1,0,0,00372,122,1
347,0,26.75,4.5,0,1,0,0,0,1,0,1,0,0,0,0,0,0,0,0,0,0,0,0,0,0,0,1,0,0,0,0,0,0,2.5,1,1,0,1,1,0,0,00200,1210,1
348,0,63.33,0.54,1,0,0,0,1,0,0,1,0,0,0,0,0,0,0,0,0,0,0,0,0,1,0,0,0,0,0,0,0,0,0.585,0,0,3,0,1,0,0,00180,0,1
349,0,27.83,1.5,1,0,0,0,1,0,0,0,0,0,0,0,0,0,0,0,1,0,0,0,0,1,0,0,0,0,0,0,0,0,2.25,1,0,1,0,1,0,0,00100,3,1
350,1,26.17,2.0,1,0,0,0,1,0,0,0,0,0,0,1,0,0,0,0,0,0,0,0,0,0,0,0,1,0,0,0,0,0,0.0,1,1,0,0,1,0,0,00276,1,1
351,0,22.17,0.585,0,1,0,0,0,1,0,0,0,0,0,0,0,0,0,0,0,0,0,0,1,0,0,0,0,0,0,0,1,0,0.0,1,1,0,1,1,0,0,00100,0,1
352,0,22.50,11.5,0,1,0,0,0,1,0,0,0,0,0,0,0,1,0,0,0,0,0,0,0,1,0,0,0,0,0,0,0,0,1.5,1,1,0,0,1,0,0,00000,4000,1
353,0,30.75,1.585,1,0,0,0,1,0,0,0,1,0,0,0,0,0,0,0,0,0,0,0,0,1,0,0,0,0,0,0,0,0,0.585,1,1,0,0,0,0,1,00000,0,1
354,0,36.67,2.0,1,0,0,0,1,0,0,0,0,0,1,0,0,0,0,0,0,0,0,0,0,1,0,0,0,0,0,0,0,0,0.25,1,1,0,0,1,0,0,00221,0,1
355,1,16.00,0.165,1,0,0,0,1,0,0,0,0,0,0,0,0,0,0,0,0,0,0,1,0,1,0,0,0,0,0,0,0,0,1.0,1,0,2,0,1,0,0,00320,1,1
356,0,41.17,1.335,1,0,0,0,1,0,0,0,1,0,0,0,0,0,0,0,0,0,0,0,0,1,0,0,0,0,0,0,0,0,0.165,1,1,0,1,1,0,0,00168,0,1
357,1,19.50,0.165,1,0,0,0,1,0,0,0,0,0,0,0,0,0,0,1,0,0,0,0,0,1,0,0,0,0,0,0,0,0,0.04,1,1,0,0,1,0,0,00380,0,1
358,0,32.42,3.0,1,0,0,0,1,0,0,0,1,0,0,0,0,0,0,0,0,0,0,0,0,1,0,0,0,0,0,0,0,0,0.165,1,1,0,0,1,0,0,00120,0,1
359,1,36.75,4.71,1,0,0,0,1,0,0,0,0,0,0,0,0,0,0,0,0,0,0,0,1,0,0,0,0,0,0,0,1,0,0.0,1,1,0,1,1,0,0,00160,0,1
360,1,30.25,5.5,1,0,0,0,1,0,0,0,0,0,0,0,1,0,0,0,0,0,0,0,0,1,0,0,0,0,0,0,0,0,5.5,1,1,0,0,0,0,1,00100,0,1
361,0,23.08,2.5,1,0,0,0,1,0,0,0,0,0,0,0,0,0,0,0,0,0,0,0,1,0,0,0,0,0,0,0,1,0,0.085,1,1,0,0,1,0,0,00100,4208,1
362,0,26.83,0.54,1,0,0,0,1,0,0,0,0,0,0,0,1,0,0,0,0,0,0,0,0,0,0,0,0,0,0,0,1,0,0.0,1,1,0,1,1,0,0,00100,0,1
363,0,16.92,0.335,0,1,0,0,0,1,0,0,0,0,0,0,1,0,0,0,0,0,0,0,0,1,0,0,0,0,0,0,0,0,0.29,1,1,0,1,0,0,1,00200,0,1
364,0,24.42,2.0,1,0,0,0,1,0,0,0,0,0,0,0,0,0,0,0,0,0,1,0,0,0,0,0,0,0,0,1,0,0,0.165,1,0,2,1,1,0,0,00320,1300,1
365,0,42.83,1.25,1,0,0,0,1,0,0,0,0,0,0,0,0,1,0,0,0,0,0,0,0,1,0,0,0,0,0,0,0,0,13.875,1,0,1,0,1,0,0,00352,112,1
366,1,22.75,6.165,1,0,0,0,1,0,0,0,0,0,0,0,0,0,0,0,0,0,0,1,0,1,0,0,0,0,0,0,0,0,0.165,1,1,0,1,1,0,0,00220,1000,1
367,0,39.42,1.71,0,1,0,0,0,1,0,0,0,0,0,0,0,1,0,0,0,0,0,0,0,1,0,0,0,0,0,0,0,0,0.165,1,1,0,1,0,0,1,00400,0,1
368,1,23.58,11.5,0,1,0,0,0,1,0,0,0,0,0,0,1,0,0,0,0,0,0,0,0,0,1,0,0,0,0,0,0,0,3.0,1,1,0,0,1,0,0,00020,16,1
369,0,21.42,0.75,0,1,0,0,0,1,0,0,0,0,0,0,0,0,1,0,0,0,0,0,0,0,0,0,0,1,0,0,0,0,0.75,1,1,0,0,1,0,0,00132,2,1
370,0,33.00,2.5,0,1,0,0,0,1,0,0,0,0,0,0,0,0,0,0,1,0,0,0,0,1,0,0,0,0,0,0,0,0,7.0,1,1,0,0,1,0,0,00280,0,1
371,0,26.33,13.0,1,0,0,0,1,0,0,0,0,0,0,0,0,0,0,0,0,0,1,0,0,0,0,0,0,0,0,1,0,0,0.0,1,1,0,0,1,0,0,00140,1110,1
372,1,45.00,4.585,1,0,0,0,1,0,0,0,0,0,0,0,1,0,0,0,0,0,0,0,0,0,1,0,0,0,0,0,0,0,1.0,1,1,0,0,0,0,1,00240,0,1
373,0,26.25,1.54,1,0,0,0,1,0,0,0,0,0,0,0,0,0,0,0,1,0,0,0,0,1,0,0,0,0,0,0,0,0,0.125,1,1,0,1,1,0,0,00100,0,1
374,?,28.17,0.585,1,0,0,0,1,0,0,0,0,0,0,0,0,0,0,0,0,0,0,1,0,1,0,0,0,0,0,0,0,0,0.04,1,1,0,1,1,0,0,00260,1004,1
375,1,20.83,0.5,0,1,0,0,0,1,0,0,0,0,0,0,0,0,0,0,0,0,1,0,0,0,0,0,0,0,0,1,0,0,1.0,1,1,0,1,1,0,0,00260,0,1
376,0,28.67,14.5,1,0,0,0,1,0,0,0,1,0,0,0,0,0,0,0,0,0,0,0,0,1,0,0,0,0,0,0,0,0,0.125,1,1,0,1,1,0,0,00000,286,1
377,0,20.67,0.835,0,1,0,0,0,1,0,1,0,0,0,0,0,0,0,0,0,0,0,0,0,1,0,0,0,0,0,0,0,0,2.0,1,1,0,0,0,0,1,00240,0,1
378,0,34.42,1.335,1,0,0,0,1,0,0,0,0,0,1,0,0,0,0,0,0,0,0,0,0,0,0,1,0,0,0,0,0,0,0.125,1,1,0,0,1,0,0,00440,4500,1
379,0,33.58,0.25,1,0,0,0,1,0,0,0,0,0,1,0,0,0,0,0,0,0,0,0,0,0,0,1,0,0,0,0,0,0,4.0,1,1,0,0,0,0,1,00420,0,1
380,0,43.17,5.0,1,0,0,0,1,0,0,0,0,0,1,0,0,0,0,0,0,0,0,0,0,0,0,1,0,0,0,0,0,0,2.25,1,1,0,0,1,0,0,00141,0,1
381,1,22.67,7.0,1,0,0,0,1,0,0,1,0,0,0,0,0,0,0,0,0,0,0,0,0,1,0,0,0,0,0,0,0,0,0.165,1,1,0,1,1,0,0,00160,0,1
382,1,24.33,2.5,0,1,0,0,0,1,0,0,0,0,1,0,0,0,0,0,0,0,0,0,0,0,0,1,0,0,0,0,0,0,4.5,1,1,0,1,1,0,0,00200,456,1
383,1,56.83,4.25,0,1,0,0,0,1,0,0,0,0,0,0,0,0,0,0,0,0,0,0,1,0,0,0,0,0,0,0,1,0,5.0,1,1,0,0,1,0,0,00000,4,1
384,0,22.08,11.46,1,0,0,0,1,0,0,0,0,0,0,0,1,0,0,0,0,0,0,0,0,1,0,0,0,0,0,0,0,0,1.585,1,1,0,0,1,0,0,00100,1212,1
385,0,34.00,5.5,0,1,0,0,0,1,0,1,0,0,0,0,0,0,0,0,0,0,0,0,0,1,0,0,0,0,0,0,0,0,1.5,1,1,0,0,1,0,0,00060,0,1
386,0,22.58,1.5,0,1,0,0,0,1,0,0,0,0,0,0,0,0,0,0,0,0,0,1,0,1,0,0,0,0,0,0,0,0,0.54,1,1,0,0,1,0,0,00120,67,1
387,0,21.17,0.0,1,0,0,0,1,0,0,1,0,0,0,0,0,0,0,0,0,0,0,0,0,1,0,0,0,0,0,0,0,0,0.5,1,1,0,0,0,0,1,00000,0,1
388,0,26.67,14.585,1,0,0,0,1,0,0,0,0,0,1,0,0,0,0,0,0,0,0,0,0,0,0,1,0,0,0,0,0,0,0.0,1,1,0,0,1,0,0,00178,0,1
389,0,22.92,0.17,1,0,0,0,1,0,0,0,0,0,0,0,0,1,0,0,0,0,0,0,0,1,0,0,0,0,0,0,0,0,0.085,1,1,0,1,0,0,1,00000,0,1
390,0,15.17,7.0,1,0,0,0,1,0,0,0,0,0,0,0,0,0,0,0,0,0,1,0,0,1,0,0,0,0,0,0,0,0,1.0,1,1,0,1,1,0,0,00600,0,1
391,0,39.92,5.0,1,0,0,0,1,0,0,0,0,0,1,0,0,0,0,0,0,0,0,0,0,0,0,1,0,0,0,0,0,0,0.21,1,1,0,1,1,0,0,00550,0,1
392,0,27.42,12.5,1,0,0,0,1,0,0,0,0,0,0,0,0,0,0,0,0,0,0,1,0,0,0,1,0,0,0,0,0,0,0.25,1,1,0,0,1,0,0,00720,0,1
393,0,24.75,0.54,1,0,0,0,1,0,0,0,0,0,0,0,0,1,0,0,0,0,0,0,0,1,0,0,0,0,0,0,0,0,1.0,1,1,0,0,1,0,0,00120,1,1
394,0,41.17,1.25,0,1,0,0,0,1,0,0,0,0,0,0,0,0,0,0,1,0,0,0,0,1,0,0,0,0,0,0,0,0,0.25,1,1,0,1,1,0,0,00000,195,1
395,1,33.08,1.625,1,0,0,0,1,0,0,0,1,0,0,0,0,0,0,0,0,0,0,0,0,1,0,0,0,0,0,0,0,0,0.54,1,1,0,0,1,0,0,00000,0,1
396,0,29.83,2.04,0,1,0,0,0,1,0,0,0,0,0,0,0,0,0,0,0,1,0,0,0,0,1,0,0,0,0,0,0,0,0.04,1,1,0,1,1,0,0,00128,1,1
397,1,23.58,0.585,0,1,0,0,0,1,0,0,0,0,0,0,0,0,0,0,0,0,0,0,1,0,0,0,0,0,0,0,1,0,0.125,1,1,0,1,1,0,0,00120,87,1
398,0,26.17,12.5,0,1,0,0,0,1,0,0,0,0,0,0,1,0,0,0,0,0,0,0,0,0,1,0,0,0,0,0,0,0,1.25,1,1,0,0,1,0,0,00000,17,1
399,0,31.00,2.085,1,0,0,0,1,0,0,1,0,0,0,0,0,0,0,0,0,0,0,0,0,1,0,0,0,0,0,0,0,0,0.085,1,1,0,1,1,0,0,00300,0,1
400,0,20.75,5.085,0,1,0,0,0,1,0,0,0,0,0,1,0,0,0,0,0,0,0,0,0,1,0,0,0,0,0,0,0,0,0.29,1,1,0,1,1,0,0,00140,184,1
401,0,28.92,0.375,1,0,0,0,1,0,0,1,0,0,0,0,0,0,0,0,0,0,0,0,0,1,0,0,0,0,0,0,0,0,0.29,1,1,0,1,1,0,0,00220,140,1
402,1,51.92,6.5,1,0,0,0,1,0,0,0,0,0,1,0,0,0,0,0,0,0,0,0,0,0,0,1,0,0,0,0,0,0,3.085,1,1,0,0,1,0,0,00073,0,1
403,1,22.67,0.335,1,0,0,0,1,0,0,0,0,0,0,0,0,0,0,1,0,0,0,0,0,1,0,0,0,0,0,0,0,0,0.75,1,1,0,1,0,0,1,00160,0,1
404,0,34.00,5.085,0,1,0,0,0,1,0,0,0,0,1,0,0,0,0,0,0,0,0,0,0,0,0,1,0,0,0,0,0,0,1.085,1,1,0,0,1,0,0,00480,0,1
405,1,69.50,6.0,1,0,0,0,1,0,0,0,0,0,0,0,0,0,0,0,0,0,0,0,1,0,0,0,0,0,0,0,1,0,0.0,1,1,0,1,0,0,1,00000,0,1
406,1,40.33,8.125,0,1,0,0,0,1,0,0,0,0,0,0,1,0,0,0,0,0,0,0,0,1,0,0,0,0,0,0,0,0,0.165,1,0,2,1,1,0,0,?,18,1
407,1,19.58,0.665,0,1,0,0,0,1,0,1,0,0,0,0,0,0,0,0,0,0,0,0,0,1,0,0,0,0,0,0,0,0,1.0,1,0,1,1,1,0,0,02000,2,1
408,0,16.00,3.125,1,0,0,0,1,0,0,0,0,0,0,0,0,0,0,0,1,0,0,0,0,1,0,0,0,0,0,0,0,0,0.085,1,0,1,1,1,0,0,00000,6,1
409,0,17.08,0.25,1,0,0,0,1,0,0,0,0,0,0,0,0,0,0,1,0,0,0,0,0,1,0,0,0,0,0,0,0,0,0.335,1,0,4,1,1,0,0,00160,8,1
410,0,31.25,2.835,1,0,0,0,1,0,0,0,0,0,0,0,0,0,0,0,0,0,0,0,1,0,0,0,0,0,0,0,1,0,0.0,1,0,5,1,1,0,0,00176,146,1
411,0,25.17,3.0,1,0,0,0,1,0,0,1,0,0,0,0,0,0,0,0,0,0,0,0,0,1,0,0,0,0,0,0,0,0,1.25,1,0,1,1,1,0,0,00000,22,1
412,1,22.67,0.79,1,0,0,0,1,0,0,0,0,0,1,0,0,0,0,0,0,0,0,0,0,1,0,0,0,0,0,0,0,0,0.085,1,1,0,1,1,0,0,00144,0,1
413,0,40.58,1.5,1,0,0,0,1,0,0,0,0,0,1,0,0,0,0,0,0,0,0,0,0,0,0,1,0,0,0,0,0,0,0.0,1,1,0,1,0,0,1,00300,0,1
414,0,22.25,0.46,1,0,0,0,1,0,0,0,0,0,0,0,1,0,0,0,0,0,0,0,0,1,0,0,0,0,0,0,0,0,0.125,1,1,0,0,1,0,0,00280,55,1
415,1,22.25,1.25,0,1,0,0,0,1,0,0,0,0,0,0,0,0,0,0,0,0,0,0,1,0,0,0,0,0,0,0,1,0,3.25,1,1,0,1,1,0,0,00280,0,1
416,0,22.50,0.125,0,1,0,0,0,1,0,0,0,0,0,0,1,0,0,0,0,0,0,0,0,1,0,0,0,0,0,0,0,0,0.125,1,1,0,1,1,0,0,00200,70,1
417,0,23.58,1.79,1,0,0,0,1,0,0,1,0,0,0,0,0,0,0,0,0,0,0,0,0,1,0,0,0,0,0,0,0,0,0.54,1,1,0,0,1,0,0,00136,1,1
418,0,38.42,0.705,1,0,0,0,1,0,0,1,0,0,0,0,0,0,0,0,0,0,0,0,0,1,0,0,0,0,0,0,0,0,0.375,1,0,2,1,1,0,0,00225,500,1
419,1,26.58,2.54,0,1,0,0,0,1,0,0,0,0,0,0,0,0,0,0,0,0,0,0,1,0,0,0,0,0,0,0,1,0,0.0,1,1,0,0,1,0,0,00180,60,1
420,0,35.00,2.5,1,0,0,0,1,0,0,0,0,0,1,0,0,0,0,0,0,0,0,0,0,1,0,0,0,0,0,0,0,0,1.0,1,1,0,0,1,0,0,00210,0,1
421,0,20.42,1.085,1,0,0,0,1,0,0,0,0,0,0,0,0,0,0,1,0,0,0,0,0,1,0,0,0,0,0,0,0,0,1.5,1,1,0,1,1,0,0,00108,7,1
422,0,29.42,1.25,1,0,0,0,1,0,0,0,0,0,0,0,0,0,0,0,1,0,0,0,0,1,0,0,0,0,0,0,0,0,1.75,1,1,0,1,1,0,0,00200,0,1
423,0,26.17,0.835,1,0,0,0,1,0,0,0,0,1,0,0,0,0,0,0,0,0,0,0,0,1,0,0,0,0,0,0,0,0,1.165,1,1,0,1,1,0,0,00100,0,1
424,0,33.67,2.165,1,0,0,0,1,0,0,1,0,0,0,0,0,0,0,0,0,0,0,0,0,1,0,0,0,0,0,0,0,0,1.5,1,1,0,1,0,1,0,00120,0,1
425,0,24.58,1.25,1,0,0,0,1,0,0,1,0,0,0,0,0,0,0,0,0,0,0,0,0,1,0,0,0,0,0,0,0,0,0.25,1,1,0,1,1,0,0,00110,0,1
426,1,27.67,2.04,1,0,0,0,1,0,0,0,0,0,0,0,0,0,0,0,1,0,0,0,0,1,0,0,0,0,0,0,0,0,0.25,1,1,0,0,1,0,0,00180,50,1
427,0,37.50,0.835,1,0,0,0,1,0,0,0,0,0,0,0,0,0,0,0,0,0,1,0,0,1,0,0,0,0,0,0,0,0,0.04,1,1,0,1,1,0,0,00120,5,1
428,0,49.17,2.29,1,0,0,0,1,0,0,0,0,0,0,0,0,0,0,0,0,0,0,0,1,0,0,0,0,0,0,0,1,0,0.29,1,1,0,1,1,0,0,00200,3,1
429,0,33.58,0.335,0,1,0,0,0,1,0,0,0,1,0,0,0,0,0,0,0,0,0,0,0,1,0,0,0,0,0,0,0,0,0.085,1,1,0,1,1,0,0,00180,0,1
430,0,51.83,3.0,0,1,0,0,0,1,0,0,0,0,0,0,0,0,0,0,0,0,0,0,1,0,0,0,0,0,0,0,1,0,1.5,1,1,0,1,1,0,0,00180,4,1
431,0,22.92,3.165,0,1,0,0,0,1,0,1,0,0,0,0,0,0,0,0,0,0,0,0,0,1,0,0,0,0,0,0,0,0,0.165,1,1,0,1,1,0,0,00160,1058,1
432,0,21.83,1.54,1,0,0,0,1,0,0,0,0,0,0,0,1,0,0,0,0,0,0,0,0,1,0,0,0,0,0,0,0,0,0.085,1,1,0,0,1,0,0,00356,0,1
433,0,25.25,1.0,1,0,0,0,1,0,0,0,0,0,0,0,0,0,0,0,0,0,0,1,0,1,0,0,0,0,0,0,0,0,0.5,1,1,0,1,1,0,0,00200,0,1
434,0,58.58,2.71,1,0,0,0,1,0,0,1,0,0,0,0,0,0,0,0,0,0,0,0,0,1,0,0,0,0,0,0,0,0,2.415,1,1,0,0,1,0,0,00320,0,1
435,0,19.00,0.0,0,1,0,0,0,1,0,0,0,0,0,0,0,0,0,0,0,0,0,0,1,0,0,0,0,0,0,0,1,0,0.0,1,0,4,1,1,0,0,00045,1,1
436,0,19.58,0.585,1,0,0,0,1,0,0,0,0,0,0,0,0,0,0,0,0,0,0,0,1,0,0,0,0,0,0,0,1,0,0.0,1,0,3,1,1,0,0,00350,769,1
437,1,53.33,0.165,1,0,0,0,1,0,0,0,0,0,0,0,0,0,0,0,0,0,0,0,1,0,0,0,0,0,0,0,1,0,0.0,1,1,0,0,0,0,1,00062,27,1
438,1,27.17,1.25,1,0,0,0,1,0,0,0,0,0,0,0,0,0,0,0,0,0,0,0,1,0,0,0,0,0,0,0,1,0,0.0,1,0,1,1,1,0,0,00092,300,1
439,0,25.92,0.875,1,0,0,0,1,0,0,0,0,0,0,0,1,0,0,0,0,0,0,0,0,1,0,0,0,0,0,0,0,0,0.375,1,0,2,0,1,0,0,00174,3,1
440,0,23.08,0.0,1,0,0,0,1,0,0,0,0,0,0,0,1,0,0,0,0,0,0,0,0,1,0,0,0,0,0,0,0,0,1.0,1,0,11,1,0,0,1,00000,0,1
441,0,39.58,5.0,1,0,0,0,1,0,0,0,0,0,0,0,0,0,0,0,0,0,0,0,1,0,0,0,0,0,0,0,1,0,0.0,1,0,2,1,1,0,0,00017,1,1
442,0,30.58,2.71,0,1,0,0,0,1,0,0,0,0,0,0,0,1,0,0,0,0,0,0,0,1,0,0,0,0,0,0,0,0,0.125,1,1,0,0,0,0,1,00080,0,1
443,0,17.25,3.0,1,0,0,0,1,0,0,0,0,0,0,0,1,0,0,0,0,0,0,0,0,1,0,0,0,0,0,0,0,0,0.04,1,1,0,0,1,0,0,00160,40,1
444,1,17.67,0.0,0,1,0,0,0,1,0,0,0,0,0,1,0,0,0,0,0,0,0,0,0,0,0,0,0,0,0,0,1,0,0.0,1,1,0,1,1,0,0,00086,0,1
445,1,?,11.25,1,0,0,0,1,0,0,0,0,0,0,0,0,0,0,0,0,0,0,0,1,0,0,0,0,0,0,0,1,0,0.0,1,1,0,1,1,0,0,?,5200,1
446,0,16.50,0.125,1,0,0,0,1,0,0,1,0,0,0,0,0,0,0,0,0,0,0,0,0,1,0,0,0,0,0,0,0,0,0.165,1,1,0,1,1,0,0,00132,0,1
447,1,27.33,1.665,1,0,0,0,1,0,0,0,0,0,0,0,0,0,0,0,0,0,0,0,1,0,0,0,0,0,0,0,1,0,0.0,1,1,0,1,1,0,0,00340,1,1
448,0,31.25,1.125,1,0,0,0,1,0,0,0,0,0,0,0,0,0,0,0,0,0,0,0,1,0,0,0,0,0,0,0,1,0,0.0,1,0,1,1,1,0,0,00096,19,1
449,0,20.00,7.0,1,0,0,0,1,0,0,1,0,0,0,0,0,0,0,0,0,0,0,0,0,1,0,0,0,0,0,0,0,0,0.5,1,1,0,1,1,0,0,00000,0,1
450,0,?,3.0,0,1,0,0,0,1,0,0,0,0,1,0,0,0,0,0,0,0,0,0,0,0,0,1,0,0,0,0,0,0,7.0,1,1,0,1,1,0,0,00000,1,1
451,0,39.50,1.625,1,0,0,0,1,0,0,1,0,0,0,0,0,0,0,0,0,0,0,0,0,1,0,0,0,0,0,0,0,0,1.5,1,1,0,1,1,0,0,00000,316,1
452,0,36.50,4.25,1,0,0,0,1,0,0,0,0,0,0,0,0,0,0,1,0,0,0,0,0,1,0,0,0,0,0,0,0,0,3.5,1,1,0,1,1,0,0,00454,50,1
453,?,29.75,0.665,1,0,0,0,1,0,0,0,0,0,0,0,0,0,0,0,1,0,0,0,0,1,0,0,0,0,0,0,0,0,0.25,1,1,0,0,1,0,0,00300,0,1
454,0,52.42,1.5,1,0,0,0,1,0,0,0,1,0,0,0,0,0,0,0,0,0,0,0,0,1,0,0,0,0,0,0,0,0,3.75,1,1,0,0,1,0,0,00000,350,1
455,0,36.17,18.125,1,0,0,0,1,0,0,0,0,0,0,0,0,0,0,0,1,0,0,0,0,1,0,0,0,0,0,0,0,0,0.085,1,1,0,1,1,0,0,00320,3552,1
456,0,34.58,0.0,0,0,0,0,0,0,0,0,0,0,0,0,0,0,0,0,0,0,0,0,0,0,0,0,0,0,0,0,0,0,0.0,1,1,0,1,0,1,0,?,0,1
457,0,29.67,0.75,0,1,0,0,0,1,0,1,0,0,0,0,0,0,0,0,0,0,0,0,0,1,0,0,0,0,0,0,0,0,0.04,1,1,0,1,1,0,0,00240,0,1
458,0,36.17,5.5,1,0,0,0,1,0,0,0,0,0,1,0,0,0,0,0,0,0,0,0,0,0,0,1,0,0,0,0,0,0,5.0,1,1,0,1,1,0,0,00210,687,1
459,0,25.67,0.29,0,1,0,0,0,1,0,1,0,0,0,0,0,0,0,0,0,0,0,0,0,1,0,0,0,0,0,0,0,0,1.5,1,1,0,0,1,0,0,00160,0,1
460,1,24.50,2.415,0,1,0,0,0,1,0,1,0,0,0,0,0,0,0,0,0,0,0,0,0,1,0,0,0,0,0,0,0,0,0.0,1,1,0,1,1,0,0,00120,0,1
461,0,24.08,0.875,1,0,0,0,1,0,0,0,0,0,0,0,0,1,0,0,0,0,0,0,0,1,0,0,0,0,0,0,0,0,0.085,1,0,4,1,1,0,0,00254,1950,1
462,0,21.92,0.5,1,0,0,0,1,0,0,1,0,0,0,0,0,0,0,0,0,0,0,0,0,1,0,0,0,0,0,0,0,0,0.125,1,1,0,1,1,0,0,00360,0,1
463,1,36.58,0.29,1,0,0,0,1,0,0,0,0,0,0,0,0,0,0,0,0,0,0,0,1,0,0,0,0,0,0,0,1,0,0.0,1,0,10,1,1,0,0,00200,18,1
464,1,23.00,1.835,1,0,0,0,1,0,0,0,0,0,0,1,0,0,0,0,0,0,0,0,0,0,0,0,1,0,0,0,0,0,0.0,1,0,1,1,1,0,0,00200,53,1
465,1,27.58,3.0,1,0,0,0,1,0,0,0,0,0,0,0,0,1,0,0,0,0,0,0,0,1,0,0,0,0,0,0,0,0,2.79,1,0,1,0,1,0,0,00280,10,1
466,0,31.08,3.085,1,0,0,0,1,0,0,1,0,0,0,0,0,0,0,0,0,0,0,0,0,1,0,0,0,0,0,0,0,0,2.5,1,0,2,0,1,0,0,00160,41,1
467,1,30.42,1.375,1,0,0,0,1,0,0,0,0,0,0,0,0,0,0,0,1,0,0,0,0,0,1,0,0,0,0,0,0,0,0.04,1,0,3,1,1,0,0,00000,33,1
468,0,22.08,2.335,1,0,0,0,1,0,0,0,0,0,0,0,1,0,0,0,0,0,0,0,0,1,0,0,0,0,0,0,0,0,0.75,1,1,0,1,1,0,0,00180,0,1
469,0,16.33,4.085,1,0,0,0,1,0,0,0,0,0,1,0,0,0,0,0,0,0,0,0,0,0,1,0,0,0,0,0,0,0,0.415,1,1,0,0,1,0,0,00120,0,1
470,1,21.92,11.665,1,0,0,0,1,0,0,0,0,0,0,0,1,0,0,0,0,0,0,0,0,0,1,0,0,0,0,0,0,0,0.085,1,1,0,1,1,0,0,00320,5,1
471,0,21.08,4.125,0,1,0,0,0,1,0,0,0,0,1,0,0,0,0,0,0,0,0,0,0,0,1,0,0,0,0,0,0,0,0.04,1,1,0,1,1,0,0,00140,100,1
472,0,17.42,6.5,1,0,0,0,1,0,0,0,0,0,1,0,0,0,0,0,0,0,0,0,0,1,0,0,0,0,0,0,0,0,0.125,1,1,0,1,1,0,0,00060,100,1
473,0,19.17,4.0,0,1,0,0,0,1,0,0,0,0,1,0,0,0,0,0,0,0,0,0,0,1,0,0,0,0,0,0,0,0,1.0,1,1,0,0,1,0,0,00360,1000,1
474,0,20.67,0.415,1,0,0,0,1,0,0,1,0,0,0,0,0,0,0,0,0,0,0,0,0,1,0,0,0,0,0,0,0,0,0.125,1,1,0,1,1,0,0,00000,44,1
475,0,26.75,2.0,1,0,0,0,1,0,0,0,1,0,0,0,0,0,0,0,0,0,0,0,0,1,0,0,0,0,0,0,0,0,0.75,1,1,0,0,1,0,0,00080,0,1
476,0,23.58,0.835,1,0,0,0,1,0,0,0,0,0,1,0,0,0,0,0,0,0,0,0,0,0,1,0,0,0,0,0,0,0,0.085,1,1,0,0,1,0,0,00220,5,1
477,0,39.17,2.5,0,1,0,0,0,1,0,0,0,0,1,0,0,0,0,0,0,0,0,0,0,0,1,0,0,0,0,0,0,0,10.0,1,1,0,0,0,0,1,00200,0,1
478,0,22.75,11.5,1,0,0,0,1,0,0,0,0,0,1,0,0,0,0,0,0,0,0,0,0,1,0,0,0,0,0,0,0,0,0.415,1,1,0,1,1,0,0,00000,0,1
479,?,26.50,2.71,0,1,0,0,0,1,0,0,0,0,0,0,0,0,0,0,0,0,0,0,0,0,0,0,0,0,0,0,0,0,0.085,1,1,0,1,0,0,1,00080,0,1
480,1,16.92,0.5,1,0,0,0,1,0,0,0,0,0,1,0,0,0,0,0,0,0,0,0,0,1,0,0,0,0,0,0,0,0,0.165,1,0,6,0,1,0,0,00240,35,1
481,0,23.50,3.165,0,1,0,0,0,1,0,0,0,0,0,0,1,0,0,0,0,0,0,0,0,1,0,0,0,0,0,0,0,0,0.415,1,0,1,0,1,0,0,00280,80,1
482,1,17.33,9.5,1,0,0,0,1,0,0,0,0,0,0,0,0,0,0,0,0,0,0,1,0,1,0,0,0,0,0,0,0,0,1.75,1,0,10,0,1,0,0,00000,10,1
483,0,23.75,0.415,0,1,0,0,0,1,0,1,0,0,0,0,0,0,0,0,0,0,0,0,0,1,0,0,0,0,0,0,0,0,0.04,1,0,2,1,1,0,0,00128,6,1
484,0,34.67,1.08,1,0,0,0,1,0,0,0,0,0,0,0,0,1,0,0,0,0,0,0,0,1,0,0,0,0,0,0,0,0,1.165,1,1,0,1,0,0,1,00028,0,1
485,0,74.83,19.0,0,1,0,0,0,1,0,0,0,0,0,0,0,0,0,0,0,0,0,0,1,0,0,0,0,0,0,0,1,0,0.04,1,0,2,1,1,0,0,00000,351,1
486,0,28.17,0.125,0,1,0,0,0,1,0,0,0,0,0,0,1,0,0,0,0,0,0,0,0,1,0,0,0,0,0,0,0,0,0.085,1,1,0,1,1,0,0,00216,2100,1
487,0,24.50,13.335,0,1,0,0,0,1,0,0,0,0,0,0,0,0,0,0,0,0,0,1,0,1,0,0,0,0,0,0,0,0,0.04,1,1,0,0,1,0,0,00120,475,1
488,0,18.83,3.54,0,1,0,0,0,1,0,0,0,0,0,0,0,0,0,0,0,0,0,0,1,0,0,0,0,0,0,0,1,0,0.0,1,1,0,0,1,0,0,00180,1,1
489,?,45.33,1.0,1,0,0,0,1,0,0,0,0,0,0,0,0,0,0,1,0,0,0,0,0,1,0,0,0,0,0,0,0,0,0.125,1,1,0,0,1,0,0,00263,0,1
490,1,47.25,0.75,1,0,0,0,1,0,0,0,0,0,0,0,0,0,0,1,0,0,0,0,0,0,1,0,0,0,0,0,0,0,2.75,0,0,1,1,1,0,0,00333,892,0
491,0,24.17,0.875,1,0,0,0,1,0,0,0,0,0,0,0,0,0,0,1,0,0,0,0,0,1,0,0,0,0,0,0,0,0,4.625,0,0,2,0,1,0,0,00520,2000,0
492,0,39.25,9.5,1,0,0,0,1,0,0,0,0,0,0,0,0,1,0,0,0,0,0,0,0,1,0,0,0,0,0,0,0,0,6.5,0,0,14,1,1,0,0,00240,4607,0
493,1,20.50,11.835,1,0,0,0,1,0,0,1,0,0,0,0,0,0,0,0,0,0,0,0,0,0,1,0,0,0,0,0,0,0,6.0,0,1,0,1,1,0,0,00340,0,0
494,1,18.83,4.415,0,1,0,0,0,1,0,1,0,0,0,0,0,0,0,0,0,0,0,0,0,0,1,0,0,0,0,0,0,0,3.0,0,1,0,1,1,0,0,00240,0,0
495,0,19.17,9.5,1,0,0,0,1,0,0,0,0,0,0,0,0,0,0,0,1,0,0,0,0,1,0,0,0,0,0,0,0,0,1.5,0,1,0,1,1,0,0,00120,2206,0
496,1,25.00,0.875,1,0,0,0,1,0,0,0,0,0,0,0,0,0,0,0,0,1,0,0,0,0,1,0,0,0,0,0,0,0,1.04,0,1,0,0,1,0,0,00160,5860,0
497,0,20.17,9.25,1,0,0,0,1,0,0,1,0,0,0,0,0,0,0,0,0,0,0,0,0,1,0,0,0,0,0,0,0,0,1.665,0,0,3,0,1,0,0,00040,28,0
498,0,25.75,0.5,1,0,0,0,1,0,0,1,0,0,0,0,0,0,0,0,0,0,0,0,0,1,0,0,0,0,0,0,0,0,1.46,0,0,5,0,1,0,0,00312,0,0
499,0,20.42,7.0,1,0,0,0,1,0,0,1,0,0,0,0,0,0,0,0,0,0,0,0,0,1,0,0,0,0,0,0,0,0,1.625,0,0,3,1,1,0,0,00200,1391,0
500,0,?,4.0,1,0,0,0,1,0,0,0,0,0,0,0,0,0,0,0,0,1,0,0,0,1,0,0,0,0,0,0,0,0,5.0,0,0,3,0,1,0,0,00290,2279,0
501,0,39.00,5.0,1,0,0,0,1,0,0,0,0,1,0,0,0,0,0,0,0,0,0,0,0,1,0,0,0,0,0,0,0,0,3.5,0,0,10,0,1,0,0,00000,0,0
502,1,64.08,0.165,1,0,0,0,1,0,0,0,0,0,0,0,0,0,0,0,0,0,0,0,1,0,0,0,0,0,0,0,1,0,0.0,0,0,1,1,1,0,0,00232,100,0
503,0,28.25,5.125,1,0,0,0,1,0,0,0,0,0,0,0,0,0,0,0,0,1,0,0,0,1,0,0,0,0,0,0,0,0,4.75,0,0,2,1,1,0,0,00420,7,0
504,1,28.75,3.75,1,0,0,0,1,0,0,1,0,0,0,0,0,0,0,0,0,0,0,0,0,1,0,0,0,0,0,0,0,0,1.085,0,0,1,0,1,0,0,00371,0,0
505,0,31.33,19.5,1,0,0,0,1,0,0,1,0,0,0,0,0,0,0,0,0,0,0,0,0,1,0,0,0,0,0,0,0,0,7.0,0,0,16,1,1,0,0,00000,5000,0
506,1,18.92,9.0,1,0,0,0,1,0,0,0,0,0,0,0,0,0,0,0,0,0,0,1,0,1,0,0,0,0,0,0,0,0,0.75,0,0,2,1,1,0,0,00088,591,0
507,1,24.75,3.0,1,0,0,0,1,0,0,0,0,0,0,0,0,0,0,1,0,0,0,0,0,0,1,0,0,0,0,0,0,0,1.835,0,0,19,1,1,0,0,00000,500,0
508,1,30.67,12.0,1,0,0,0,1,0,0,1,0,0,0,0,0,0,0,0,0,0,0,0,0,1,0,0,0,0,0,0,0,0,2.0,0,0,1,1,1,0,0,00220,19,0
509,0,21.00,4.79,0,1,0,0,0,1,0,0,0,0,0,0,0,0,0,0,1,0,0,0,0,1,0,0,0,0,0,0,0,0,2.25,0,0,1,0,1,0,0,00080,300,0
510,0,13.75,4.0,0,1,0,0,0,1,0,0,0,0,0,0,0,0,0,0,1,0,0,0,0,1,0,0,0,0,0,0,0,0,1.75,0,0,2,0,1,0,0,00120,1000,0
511,1,46.00,4.0,1,0,0,0,1,0,0,0,0,0,0,1,0,0,0,0,0,0,0,0,0,0,0,0,1,0,0,0,0,0,0.0,0,1,0,1,1,0,0,00100,960,0
512,1,44.33,0.0,1,0,0,0,1,0,0,1,0,0,0,0,0,0,0,0,0,0,0,0,0,1,0,0,0,0,0,0,0,0,2.5,0,1,0,1,1,0,0,00000,0,0
513,0,20.25,9.96,1,0,0,0,1,0,0,0,0,0,0,0,0,0,0,0,0,0,1,0,0,0,0,0,0,0,0,1,0,0,0.0,0,1,0,1,1,0,0,00000,0,0
514,0,22.67,2.54,0,1,0,0,0,1,0,1,0,0,0,0,0,0,0,0,0,0,0,0,0,0,1,0,0,0,0,0,0,0,2.585,0,1,0,1,1,0,0,00000,0,0
515,0,?,10.5,1,0,0,0,1,0,0,0,0,0,0,0,0,0,0,0,0,1,0,0,0,1,0,0,0,0,0,0,0,0,6.5,0,1,0,1,1,0,0,00000,0,0
516,1,60.92,5.0,1,0,0,0,1,0,0,0,0,0,0,0,0,0,0,0,0,0,0,1,0,1,0,0,0,0,0,0,0,0,4.0,0,0,4,1,1,0,0,00000,99,0
517,0,16.08,0.75,1,0,0,0,1,0,0,1,0,0,0,0,0,0,0,0,0,0,0,0,0,1,0,0,0,0,0,0,0,0,1.75,0,0,5,0,1,0,0,00352,690,0
518,1,28.17,0.375,1,0,0,0,1,0,0,0,0,0,0,0,0,0,0,1,0,0,0,0,0,1,0,0,0,0,0,0,0,0,0.585,0,0,4,1,1,0,0,00080,0,0
519,0,39.17,1.71,1,0,0,0,1,0,0,0,0,0,0,0,0,0,0,0,0,1,0,0,0,1,0,0,0,0,0,0,0,0,0.125,0,0,5,0,1,0,0,00480,0,0
520,?,20.42,7.5,1,0,0,0,1,0,0,0,0,0,0,0,1,0,0,0,0,0,0,0,0,1,0,0,0,0,0,0,0,0,1.5,0,0,1,1,1,0,0,00160,234,0
521,1,30.00,5.29,1,0,0,0,1,0,0,0,0,0,0,0,0,0,0,0,0,0,1,0,0,0,0,0,0,0,0,1,0,0,2.25,0,0,5,0,1,0,0,00099,500,0
522,0,22.83,3.0,1,0,0,0,1,0,0,0,0,0,0,0,0,1,0,0,0,0,0,0,0,1,0,0,0,0,0,0,0,0,1.29,0,0,1,1,1,0,0,00260,800,0
523,1,22.50,8.5,1,0,0,0,1,0,0,0,0,0,0,0,0,0,0,1,0,0,0,0,0,1,0,0,0,0,0,0,0,0,1.75,0,0,10,1,1,0,0,00080,990,1
524,1,28.58,1.665,1,0,0,0,1,0,0,0,0,0,0,0,0,0,0,1,0,0,0,0,0,1,0,0,0,0,0,0,0,0,2.415,0,1,0,0,1,0,0,00440,0,1
525,0,45.17,1.5,1,0,0,0,1,0,0,1,0,0,0,0,0,0,0,0,0,0,0,0,0,1,0,0,0,0,0,0,0,0,2.5,0,1,0,0,1,0,0,00140,0,1
526,0,41.58,1.75,1,0,0,0,1,0,0,0,0,0,0,0,1,0,0,0,0,0,0,0,0,1,0,0,0,0,0,0,0,0,0.21,0,1,0,1,1,0,0,00160,0,1
527,1,57.08,0.335,1,0,0,0,1,0,0,0,0,0,1,0,0,0,0,0,0,0,0,0,0,0,0,1,0,0,0,0,0,0,1.0,0,1,0,0,1,0,0,00252,2197,1
528,1,55.75,7.08,1,0,0,0,1,0,0,0,0,0,0,0,1,0,0,0,0,0,0,0,0,0,1,0,0,0,0,0,0,0,6.75,0,0,3,0,1,0,0,00100,50,1
529,0,43.25,25.21,1,0,0,0,1,0,0,0,0,0,0,0,0,0,0,1,0,0,0,0,0,0,1,0,0,0,0,0,0,0,0.21,0,0,1,1,1,0,0,00760,90,1
530,1,25.33,2.085,1,0,0,0,1,0,0,1,0,0,0,0,0,0,0,0,0,0,0,0,0,0,1,0,0,0,0,0,0,0,2.75,0,1,0,0,1,0,0,00360,1,1
531,1,24.58,0.67,1,0,0,0,1,0,0,0,0,0,0,0,0,0,0,0,0,0,0,1,0,0,1,0,0,0,0,0,0,0,1.75,0,1,0,1,1,0,0,00400,0,1
532,0,43.17,2.25,1,0,0,0,1,0,0,0,0,0,1,0,0,0,0,0,0,0,0,0,0,0,0,1,0,0,0,0,0,0,0.75,0,1,0,1,1,0,0,00560,0,1
533,0,40.92,0.835,1,0,0,0,1,0,0,0,0,0,0,0,0,0,0,0,0,0,0,0,1,0,0,0,0,0,0,0,1,0,0.0,0,1,0,1,1,0,0,00130,1,1
534,0,31.83,2.5,1,0,0,0,1,0,0,0,0,0,0,0,0,0,0,0,0,0,0,1,0,1,0,0,0,0,0,0,0,0,7.5,0,1,0,0,1,0,0,00523,0,1
535,1,33.92,1.585,0,1,0,0,0,1,0,0,0,0,0,0,0,0,0,0,0,0,0,0,1,0,0,0,0,0,0,0,1,0,0.0,0,1,0,1,1,0,0,00320,0,1
536,1,24.92,1.25,1,0,0,0,1,0,0,0,0,0,0,0,0,0,0,0,0,0,0,0,1,0,0,0,0,0,0,0,1,0,0.0,0,1,0,1,1,0,0,00080,0,1
537,0,35.25,3.165,1,0,0,0,1,0,0,0,0,0,0,0,0,0,0,0,0,1,0,0,0,0,1,0,0,0,0,0,0,0,3.75,0,1,0,0,1,0,0,00680,0,1
538,0,34.25,1.75,1,0,0,0,1,0,0,0,0,0,0,0,0,0,0,0,1,0,0,0,0,0,0,1,0,0,0,0,0,0,0.25,0,1,0,0,1,0,0,00163,0,1
539,0,80.25,5.5,1,0,0,0,1,0,0,0,0,0,0,0,0,0,0,0,0,0,0,0,0,0,0,0,0,0,0,0,0,0,0.54,0,1,0,1,1,0,0,00000,340,1
540,0,19.42,1.5,0,1,0,0,0,1,0,0,0,1,0,0,0,0,0,0,0,0,0,0,0,1,0,0,0,0,0,0,0,0,2.0,0,1,0,0,1,0,0,00100,20,1
541,0,42.75,3.0,1,0,0,0,1,0,0,0,0,0,1,0,0,0,0,0,0,0,0,0,0,0,0,1,0,0,0,0,0,0,1.0,0,1,0,1,1,0,0,00000,200,1
542,0,19.67,10.0,0,1,0,0,0,1,0,0,0,0,0,0,1,0,0,0,0,0,0,0,0,0,1,0,0,0,0,0,0,0,0.835,0,1,0,0,1,0,0,00140,0,1
543,0,36.33,3.79,1,0,0,0,1,0,0,0,0,0,0,0,0,0,0,0,1,0,0,0,0,1,0,0,0,0,0,0,0,0,1.165,0,1,0,0,1,0,0,00200,0,1
544,0,30.08,1.04,0,1,0,0,0,1,0,0,0,0,1,0,0,0,0,0,0,0,0,0,0,0,0,1,0,0,0,0,0,0,0.5,0,0,10,0,1,0,0,00132,28,1
545,0,44.25,11.0,0,1,0,0,0,1,0,0,1,0,0,0,0,0,0,0,0,0,0,0,0,1,0,0,0,0,0,0,0,0,1.5,0,1,0,1,0,0,1,00000,0,1
546,0,23.58,0.46,0,1,0,0,0,1,0,0,0,0,0,0,0,0,0,0,1,0,0,0,0,1,0,0,0,0,0,0,0,0,2.625,0,0,6,0,1,0,0,00208,347,1
547,0,23.92,1.5,1,0,0,0,1,0,0,0,1,0,0,0,0,0,0,0,0,0,0,0,0,0,1,0,0,0,0,0,0,0,1.875,0,0,6,1,1,0,0,00200,327,0
548,0,33.17,1.0,1,0,0,0,1,0,0,0,0,0,0,0,0,0,0,0,0,1,0,0,0,1,0,0,0,0,0,0,0,0,0.75,0,0,7,0,1,0,0,00340,4071,0
549,0,48.33,12.0,1,0,0,0,1,0,0,0,0,0,0,0,0,1,0,0,0,0,0,0,0,1,0,0,0,0,0,0,0,0,16.0,0,1,0,1,0,0,1,00110,0,0
550,0,76.75,22.29,1,0,0,0,1,0,0,0,0,0,0,0,0,0,0,0,0,0,1,0,0,0,0,0,0,0,1,0,0,0,12.75,0,0,1,0,1,0,0,00000,109,0
551,0,51.33,10.0,1,0,0,0,1,0,0,0,0,0,1,0,0,0,0,0,0,0,0,0,0,0,0,1,0,0,0,0,0,0,0.0,0,0,11,1,1,0,0,00000,1249,0
552,0,34.75,15.0,1,0,0,0,1,0,0,0,0,0,0,0,0,0,1,0,0,0,0,0,0,0,0,0,0,1,0,0,0,0,5.375,0,0,9,0,1,0,0,00000,134,0
553,0,38.58,3.335,1,0,0,0,1,0,0,0,0,0,0,0,0,0,0,0,1,0,0,0,0,1,0,0,0,0,0,0,0,0,4.0,0,0,14,1,1,0,0,00383,1344,0
554,1,22.42,11.25,0,1,0,0,0,1,0,0,0,0,0,0,0,0,0,0,0,1,0,0,0,0,1,0,0,0,0,0,0,0,0.75,0,0,4,1,1,0,0,00000,321,0
555,0,41.92,0.42,1,0,0,0,1,0,0,1,0,0,0,0,0,0,0,0,0,0,0,0,0,0,1,0,0,0,0,0,0,0,0.21,0,0,6,1,1,0,0,00220,948,0
556,0,29.58,4.5,1,0,0,0,1,0,0,0,0,0,0,0,0,0,0,0,1,0,0,0,0,1,0,0,0,0,0,0,0,0,7.5,0,0,2,0,1,0,0,00330,0,0
557,1,32.17,1.46,1,0,0,0,1,0,0,0,0,0,0,0,0,0,0,0,1,0,0,0,0,1,0,0,0,0,0,0,0,0,1.085,0,0,16,1,1,0,0,00120,2079,0
558,0,51.42,0.04,1,0,0,0,1,0,0,0,0,0,0,0,0,0,0,0,0,1,0,0,0,0,1,0,0,0,0,0,0,0,0.04,0,1,0,1,1,0,0,00000,3000,0
559,1,22.83,2.29,1,0,0,0,1,0,0,0,0,0,0,0,0,0,0,1,0,0,0,0,0,0,1,0,0,0,0,0,0,0,2.29,0,0,7,0,1,0,0,00140,2384,0
560,1,25.00,12.33,1,0,0,0,1,0,0,0,0,1,0,0,0,0,0,0,0,0,0,0,0,0,1,0,0,0,0,0,0,0,3.5,0,0,6,1,1,0,0,00400,458,0
561,0,26.75,1.125,1,0,0,0,1,0,0,0,0,0,0,0,0,0,0,0,0,1,0,0,0,0,1,0,0,0,0,0,0,0,1.25,0,1,0,1,1,0,0,00000,5298,0
562,0,23.33,1.5,1,0,0,0,1,0,0,1,0,0,0,0,0,0,0,0,0,0,0,0,0,0,1,0,0,0,0,0,0,0,1.415,0,1,0,1,1,0,0,00422,200,0
563,0,24.42,12.335,1,0,0,0,1,0,0,0,0,0,0,0,0,0,0,1,0,0,0,0,0,0,1,0,0,0,0,0,0,0,1.585,0,1,0,0,1,0,0,00120,0,0
564,0,42.17,5.04,1,0,0,0,1,0,0,0,0,0,0,0,0,0,0,1,0,0,0,0,0,0,1,0,0,0,0,0,0,0,12.75,0,1,0,0,1,0,0,00092,0,0
565,1,20.83,3.0,1,0,0,0,1,0,0,0,0,0,0,0,0,0,0,0,0,0,0,1,0,1,0,0,0,0,0,0,0,0,0.04,0,1,0,1,1,0,0,00100,0,0
566,0,23.08,11.5,1,0,0,0,1,0,0,0,0,0,0,0,0,0,0,0,1,0,0,0,0,0,1,0,0,0,0,0,0,0,2.125,0,0,11,0,1,0,0,00290,284,0
567,1,25.17,2.875,1,0,0,0,1,0,0,0,0,0,0,0,0,0,0,0,0,1,0,0,0,0,1,0,0,0,0,0,0,0,0.875,0,1,0,1,1,0,0,00360,0,0
568,0,43.08,0.375,0,1,0,0,0,1,0,1,0,0,0,0,0,0,0,0,0,0,0,0,0,1,0,0,0,0,0,0,0,0,0.375,0,0,8,0,1,0,0,00300,162,0
569,1,35.75,0.915,1,0,0,0,1,0,0,0,0,0,0,0,0,0,0,0,0,0,0,1,0,1,0,0,0,0,0,0,0,0,0.75,0,0,4,1,1,0,0,00000,1583,0
570,0,59.50,2.75,1,0,0,0,1,0,0,0,0,0,0,0,0,0,0,0,1,0,0,0,0,1,0,0,0,0,0,0,0,0,1.75,0,0,5,0,1,0,0,00060,58,0
571,0,21.00,3.0,0,1,0,0,0,1,0,0,1,0,0,0,0,0,0,0,0,0,0,0,0,1,0,0,0,0,0,0,0,0,1.085,0,0,8,0,1,0,0,00160,1,0
572,0,21.92,0.54,0,1,0,0,0,1,0,0,0,0,0,0,0,0,0,0,0,1,0,0,0,1,0,0,0,0,0,0,0,0,0.04,0,0,1,0,1,0,0,00840,59,0
573,1,65.17,14.0,1,0,0,0,1,0,0,0,0,0,0,0,0,0,0,0,0,0,0,0,1,0,0,0,0,0,0,0,1,0,0.0,0,0,11,0,1,0,0,00000,1400,0
574,1,20.33,10.0,1,0,0,0,1,0,0,1,0,0,0,0,0,0,0,0,0,0,0,0,0,0,1,0,0,0,0,0,0,0,1.0,0,0,4,1,1,0,0,00050,1465,0
575,0,32.25,0.165,0,1,0,0,0,1,0,1,0,0,0,0,0,0,0,0,0,0,0,0,0,0,1,0,0,0,0,0,0,0,3.25,0,0,1,0,1,0,0,00432,8000,0
576,0,30.17,0.5,1,0,0,0,1,0,0,1,0,0,0,0,0,0,0,0,0,0,0,0,0,1,0,0,0,0,0,0,0,0,1.75,0,0,11,1,1,0,0,00032,540,0
577,0,25.17,6.0,1,0,0,0,1,0,0,1,0,0,0,0,0,0,0,0,0,0,0,0,0,1,0,0,0,0,0,0,0,0,1.0,0,0,3,1,1,0,0,00000,0,0
578,0,39.17,1.625,1,0,0,0,1,0,0,1,0,0,0,0,0,0,0,0,0,0,0,0,0,1,0,0,0,0,0,0,0,0,1.5,0,0,10,1,1,0,0,00186,4700,0
579,0,39.08,6.0,1,0,0,0,1,0,0,0,0,0,0,0,0,1,0,0,0,0,0,0,0,1,0,0,0,0,0,0,0,0,1.29,0,0,5,0,1,0,0,00108,1097,0
580,0,31.67,0.83,1,0,0,0,1,0,0,0,0,0,0,0,0,0,0,0,0,1,0,0,0,1,0,0,0,0,0,0,0,0,1.335,0,0,8,0,1,0,0,00303,3290,0
581,0,41.00,0.04,1,0,0,0,1,0,0,0,0,0,0,0,0,0,0,0,0,0,1,0,0,1,0,0,0,0,0,0,0,0,0.04,1,0,1,1,0,0,1,00560,0,0
582,0,48.50,4.25,1,0,0,0,1,0,0,0,0,0,0,0,0,1,0,0,0,0,0,0,0,1,0,0,0,0,0,0,0,0,0.125,0,1,0,0,1,0,0,00225,0,0
583,0,32.67,9.0,0,1,0,0,0,1,0,0,0,0,0,0,0,0,0,0,1,0,0,0,0,0,1,0,0,0,0,0,0,0,5.25,0,1,0,0,1,0,0,00154,0,0
584,1,28.08,15.0,0,1,0,0,0,1,0,0,0,0,0,0,0,0,0,0,0,0,1,0,0,0,0,0,0,0,1,0,0,0,0.0,0,1,0,1,1,0,0,00000,13212,0
585,0,73.42,17.75,1,0,0,0,1,0,0,0,0,0,0,0,0,0,0,0,0,0,0,0,1,0,0,0,0,0,0,0,1,0,0.0,0,1,0,0,1,0,0,00000,0,0
586,0,64.08,20.0,1,0,0,0,1,0,0,0,0,0,0,0,0,0,0,0,0,1,0,0,0,0,1,0,0,0,0,0,0,0,17.5,0,0,9,0,1,0,0,00000,1000,0
587,0,51.58,15.0,1,0,0,0,1,0,0,1,0,0,0,0,0,0,0,0,0,0,0,0,0,1,0,0,0,0,0,0,0,0,8.5,0,0,9,1,1,0,0,00000,0,0
588,0,26.67,1.75,0,1,0,0,0,1,0,1,0,0,0,0,0,0,0,0,0,0,0,0,0,1,0,0,0,0,0,0,0,0,1.0,0,0,5,0,1,0,0,00160,5777,0
589,0,25.33,0.58,1,0,0,0,1,0,0,1,0,0,0,0,0,0,0,0,0,0,0,0,0,1,0,0,0,0,0,0,0,0,0.29,0,0,7,0,1,0,0,00096,5124,0
590,0,30.17,6.5,1,0,0,0,1,0,0,0,0,1,0,0,0,0,0,0,0,0,0,0,0,1,0,0,0,0,0,0,0,0,3.125,0,0,8,1,1,0,0,00330,1200,0
591,0,27.00,0.75,1,0,0,0,1,0,0,1,0,0,0,0,0,0,0,0,0,0,0,0,0,0,1,0,0,0,0,0,0,0,4.25,0,0,3,0,1,0,0,00312,150,0
592,0,23.17,0.0,0,0,0,0,0,0,0,0,0,0,0,0,0,0,0,0,0,0,0,0,0,0,0,0,0,0,0,0,0,0,0.0,1,1,0,1,0,1,0,?,0,0
593,0,34.17,5.25,1,0,0,0,1,0,0,0,0,0,0,0,0,0,0,0,1,0,0,0,0,1,0,0,0,0,0,0,0,0,0.085,1,1,0,0,1,0,0,00290,6,0
594,0,38.67,0.21,1,0,0,0,1,0,0,0,0,0,0,0,1,0,0,0,0,0,0,0,0,1,0,0,0,0,0,0,0,0,0.085,0,1,0,0,1,0,0,00280,0,0
595,0,25.75,0.75,1,0,0,0,1,0,0,1,0,0,0,0,0,0,0,0,0,0,0,0,0,0,0,1,0,0,0,0,0,0,0.25,0,1,0,1,1,0,0,00349,23,0
596,1,46.08,3.0,1,0,0,0,1,0,0,1,0,0,0,0,0,0,0,0,0,0,0,0,0,1,0,0,0,0,0,0,0,0,2.375,0,0,8,0,1,0,0,00396,4159,0
597,1,21.50,6.0,1,0,0,0,1,0,0,0,0,0,0,0,0,0,0,0,0,0,0,1,0,1,0,0,0,0,0,0,0,0,2.5,0,0,3,1,1,0,0,00080,918,0
598,?,20.08,0.125,1,0,0,0,1,0,0,0,0,0,0,0,0,0,0,1,0,0,0,0,0,1,0,0,0,0,0,0,0,0,1.0,1,0,1,1,1,0,0,00240,768,0
599,0,20.50,2.415,1,0,0,0,1,0,0,1,0,0,0,0,0,0,0,0,0,0,0,0,0,1,0,0,0,0,0,0,0,0,2.0,0,0,11,0,1,0,0,00200,3000,0
600,1,29.50,0.46,1,0,0,0,1,0,0,0,0,0,0,0,1,0,0,0,0,0,0,0,0,1,0,0,0,0,0,0,0,0,0.54,0,0,4,1,1,0,0,00380,500,0
601,?,42.25,1.75,0,1,0,0,0,1,0,0,0,0,0,0,0,0,0,0,0,0,0,0,0,0,0,0,0,0,0,0,0,0,0.0,1,1,0,0,1,0,0,00150,1,1
602,0,29.83,1.25,0,1,0,0,0,1,0,0,0,0,0,0,1,0,0,0,0,0,0,0,0,1,0,0,0,0,0,0,0,0,0.25,1,1,0,1,1,0,0,00224,0,1
603,0,20.08,0.25,1,0,0,0,1,0,0,0,0,0,0,0,0,0,0,1,0,0,0,0,0,1,0,0,0,0,0,0,0,0,0.125,1,1,0,1,1,0,0,00200,0,1
604,0,23.42,0.585,1,0,0,0,1,0,0,1,0,0,0,0,0,0,0,0,0,0,0,0,0,0,1,0,0,0,0,0,0,0,0.085,0,1,0,1,1,0,0,00180,0,1
605,1,29.58,1.75,0,1,0,0,0,1,0,0,0,0,0,0,1,0,0,0,0,0,0,0,0,1,0,0,0,0,0,0,0,0,1.25,1,1,0,0,1,0,0,00280,0,1
606,0,16.17,0.04,1,0,0,0,1,0,0,1,0,0,0,0,0,0,0,0,0,0,0,0,0,1,0,0,0,0,0,0,0,0,0.04,1,1,0,1,1,0,0,00000,0,0
607,0,32.33,3.5,1,0,0,0,1,0,0,0,0,0,0,0,1,0,0,0,0,0,0,0,0,1,0,0,0,0,0,0,0,0,0.5,1,1,0,0,1,0,0,00232,0,1
608,0,?,0.04,0,1,0,0,0,1,0,0,1,0,0,0,0,0,0,0,0,0,0,0,0,1,0,0,0,0,0,0,0,0,4.25,1,1,0,0,1,0,0,00460,0,1
609,0,47.83,4.165,1,0,0,0,1,0,0,0,0,0,0,0,0,0,0,0,0,1,0,0,0,0,0,1,0,0,0,0,0,0,0.085,1,1,0,0,1,0,0,00520,0,1
610,0,20.00,1.25,0,1,0,0,0,1,0,0,0,0,0,0,1,0,0,0,0,0,0,0,0,1,0,0,0,0,0,0,0,0,0.125,1,1,0,1,1,0,0,00140,4,1
611,0,27.58,3.25,0,1,0,0,0,1,0,0,0,0,0,0,0,0,0,1,0,0,0,0,0,0,1,0,0,0,0,0,0,0,5.085,1,0,2,0,1,0,0,00369,1,1
612,0,22.00,0.79,1,0,0,0,1,0,0,0,0,0,0,0,0,0,0,0,1,0,0,0,0,1,0,0,0,0,0,0,0,0,0.29,1,0,1,1,1,0,0,00420,283,1
613,0,19.33,10.915,1,0,0,0,1,0,0,1,0,0,0,0,0,0,0,0,0,0,0,0,0,0,0,1,0,0,0,0,0,0,0.585,1,0,2,0,1,0,0,00200,7,1
614,1,38.33,4.415,1,0,0,0,1,0,0,1,0,0,0,0,0,0,0,0,0,0,0,0,0,1,0,0,0,0,0,0,0,0,0.125,1,1,0,1,1,0,0,00160,0,1
615,0,29.42,1.25,1,0,0,0,1,0,0,1,0,0,0,0,0,0,0,0,0,0,0,0,0,0,1,0,0,0,0,0,0,0,0.25,1,0,2,0,1,0,0,00400,108,1
616,0,22.67,0.75,1,0,0,0,1,0,0,0,0,0,1,0,0,0,0,0,0,0,0,0,0,1,0,0,0,0,0,0,0,0,1.585,1,0,1,0,1,0,0,00400,9,1
617,0,32.25,14.0,0,1,0,0,0,1,0,0,0,0,0,0,0,0,0,0,0,0,0,0,1,0,0,0,0,0,0,0,1,0,0.0,1,0,2,1,1,0,0,00160,1,1
618,0,29.58,4.75,1,0,0,0,1,0,0,0,0,0,0,0,0,1,0,0,0,0,0,0,0,1,0,0,0,0,0,0,0,0,2.0,1,0,1,0,1,0,0,00460,68,1
619,0,18.42,10.415,0,1,0,0,0,1,0,0,0,0,0,0,0,0,0,0,0,0,0,1,0,1,0,0,0,0,0,0,0,0,0.125,0,1,0,1,1,0,0,00120,375,1
620,0,22.17,2.25,1,0,0,0,1,0,0,0,0,0,1,0,0,0,0,0,0,0,0,0,0,1,0,0,0,0,0,0,0,0,0.125,1,1,0,1,1,0,0,00160,10,1
621,0,22.67,0.165,1,0,0,0,1,0,0,1,0,0,0,0,0,0,0,0,0,0,0,0,0,0,0,0,1,0,0,0,0,0,2.25,1,1,0,0,0,0,1,00000,0,0
622,1,25.58,0.0,0,0,0,0,0,0,0,0,0,0,0,0,0,0,0,0,0,0,0,0,0,0,0,0,0,0,0,0,0,0,0.0,1,1,0,1,0,1,0,?,0,0
623,0,18.83,0.0,1,0,0,0,1,0,0,0,0,0,0,0,0,0,0,1,0,0,0,0,0,1,0,0,0,0,0,0,0,0,0.665,1,1,0,1,1,0,0,00160,1,1
624,0,21.58,0.79,0,1,0,0,0,1,0,0,0,1,0,0,0,0,0,0,0,0,0,0,0,1,0,0,0,0,0,0,0,0,0.665,1,1,0,1,1,0,0,00160,0,1
625,0,23.75,12.0,1,0,0,0,1,0,0,1,0,0,0,0,0,0,0,0,0,0,0,0,0,1,0,0,0,0,0,0,0,0,2.085,1,1,0,1,0,0,1,00080,0,1
626,0,22.00,7.835,0,1,0,0,0,1,0,0,0,0,1,0,0,0,0,0,0,0,0,0,0,0,0,1,0,0,0,0,0,0,0.165,1,1,0,0,1,0,0,?,0,1
627,0,36.08,2.54,1,0,0,0,1,0,0,0,0,0,0,0,0,0,0,0,0,0,0,0,1,0,0,0,0,0,0,0,1,0,0.0,1,1,0,1,1,0,0,00000,1000,1
628,0,29.25,13.0,1,0,0,0,1,0,0,0,1,0,0,0,0,0,0,0,0,0,0,0,0,0,1,0,0,0,0,0,0,0,0.5,1,1,0,1,1,0,0,00228,0,1
629,1,19.58,0.665,1,0,0,0,1,0,0,0,0,0,0,0,0,0,0,0,1,0,0,0,0,1,0,0,0,0,0,0,0,0,1.665,1,1,0,1,1,0,0,00220,5,1
630,1,22.92,1.25,1,0,0,0,1,0,0,0,0,0,0,0,0,0,0,1,0,0,0,0,0,1,0,0,0,0,0,0,0,0,0.25,1,1,0,0,1,0,0,00120,809,1
631,1,27.25,0.29,1,0,0,0,1,0,0,0,0,0,0,0,0,1,0,0,0,0,0,0,0,0,1,0,0,0,0,0,0,0,0.125,1,0,1,0,1,0,0,00272,108,1
632,1,38.75,1.5,1,0,0,0,1,0,0,0,0,0,0,0,0,0,0,0,0,0,0,0,1,0,0,0,0,0,0,0,1,0,0.0,1,1,0,1,1,0,0,00076,0,1
633,0,32.42,2.165,0,1,0,0,0,1,0,0,0,0,0,0,1,0,0,0,0,0,0,0,0,0,0,0,0,0,0,0,1,0,0.0,1,1,0,1,1,0,0,00120,0,1
634,1,23.75,0.71,1,0,0,0,1,0,0,0,0,0,0,0,0,0,0,0,1,0,0,0,0,1,0,0,0,0,0,0,0,0,0.25,1,0,1,0,1,0,0,00240,4,1
635,0,18.17,2.46,1,0,0,0,1,0,0,1,0,0,0,0,0,0,0,0,0,0,0,0,0,0,0,0,0,1,0,0,0,0,0.96,1,0,2,0,1,0,0,00160,587,1
636,0,40.92,0.5,0,1,0,0,0,1,0,0,0,0,0,0,0,1,0,0,0,0,0,0,0,1,0,0,0,0,0,0,0,0,0.5,1,1,0,0,1,0,0,00130,0,1
637,0,19.50,9.585,1,0,0,0,1,0,0,0,0,0,0,0,0,0,0,0,0,0,0,1,0,1,0,0,0,0,0,0,0,0,0.79,1,1,0,1,1,0,0,00080,350,1
638,0,28.58,3.625,1,0,0,0,1,0,0,0,0,0,0,0,0,0,0,0,0,0,0,1,0,1,0,0,0,0,0,0,0,0,0.25,1,1,0,0,1,0,0,00100,0,1
639,0,35.58,0.75,1,0,0,0,1,0,0,0,0,0,0,0,1,0,0,0,0,0,0,0,0,1,0,0,0,0,0,0,0,0,1.5,1,1,0,0,1,0,0,00231,0,1
640,0,34.17,2.75,1,0,0,0,1,0,0,0,0,0,1,0,0,0,0,0,0,0,0,0,0,0,0,1,0,0,0,0,0,0,2.5,1,1,0,0,1,0,0,00232,200,1
641,?,33.17,2.25,0,1,0,0,0,1,0,0,0,1,0,0,0,0,0,0,0,0,0,0,0,1,0,0,0,0,0,0,0,0,3.5,1,1,0,0,1,0,0,00200,141,1
642,0,31.58,0.75,0,1,0,0,0,1,0,0,0,0,0,0,0,0,0,0,0,0,0,1,0,1,0,0,0,0,0,0,0,0,3.5,1,1,0,0,1,0,0,00320,0,1
643,1,52.50,7.0,1,0,0,0,1,0,0,0,0,0,0,0,0,0,0,0,0,0,0,1,0,0,1,0,0,0,0,0,0,0,3.0,1,1,0,1,1,0,0,00000,0,1
644,0,36.17,0.42,0,1,0,0,0,1,0,0,0,0,0,0,0,0,0,0,1,0,0,0,0,1,0,0,0,0,0,0,0,0,0.29,1,1,0,0,1,0,0,00309,2,1
645,0,37.33,2.665,1,0,0,0,1,0,0,0,0,1,0,0,0,0,0,0,0,0,0,0,0,1,0,0,0,0,0,0,0,0,0.165,1,1,0,0,1,0,0,00000,501,1
646,1,20.83,8.5,1,0,0,0,1,0,0,1,0,0,0,0,0,0,0,0,0,0,0,0,0,1,0,0,0,0,0,0,0,0,0.165,1,1,0,1,1,0,0,00000,351,1
647,0,24.08,9.0,1,0,0,0,1,0,0,0,0,0,0,0,0,0,0,0,0,0,0,1,0,1,0,0,0,0,0,0,0,0,0.25,1,1,0,0,1,0,0,00000,0,1
648,0,25.58,0.335,1,0,0,0,1,0,0,0,0,0,0,0,1,0,0,0,0,0,0,0,0,0,1,0,0,0,0,0,0,0,3.5,1,1,0,0,1,0,0,00340,0,1
649,1,35.17,3.75,1,0,0,0,1,0,0,0,0,0,0,0,0,0,0,0,0,0,0,0,1,0,0,0,0,0,0,0,1,0,0.0,1,0,6,1,1,0,0,00000,200,1
650,0,48.08,3.75,1,0,0,0,1,0,0,0,0,0,1,0,0,0,0,0,0,0,0,0,0,0,0,1,0,0,0,0,0,0,1.0,1,1,0,1,1,0,0,00100,2,1
651,1,15.83,7.625,1,0,0,0,1,0,0,0,0,0,0,0,0,0,0,1,0,0,0,0,0,1,0,0,0,0,0,0,0,0,0.125,1,0,1,0,1,0,0,00000,160,1
652,1,22.50,0.415,1,0,0,0,1,0,0,0,0,0,1,0,0,0,0,0,0,0,0,0,0,1,0,0,0,0,0,0,0,0,0.335,1,1,0,0,0,0,1,00144,0,1
653,0,21.50,11.5,1,0,0,0,1,0,0,0,0,0,1,0,0,0,0,0,0,0,0,0,0,1,0,0,0,0,0,0,0,0,0.5,0,1,0,0,1,0,0,00100,68,1
654,1,23.58,0.83,1,0,0,0,1,0,0,0,0,0,0,0,0,0,0,1,0,0,0,0,0,1,0,0,0,0,0,0,0,0,0.415,1,0,1,0,1,0,0,00200,11,1
655,1,21.08,5.0,0,1,0,0,0,1,0,0,0,0,0,0,0,0,0,0,0,0,0,0,1,0,0,0,0,0,0,0,1,0,0.0,1,1,0,1,1,0,0,00000,0,1
656,0,25.67,3.25,1,0,0,0,1,0,0,1,0,0,0,0,0,0,0,0,0,0,0,0,0,0,1,0,0,0,0,0,0,0,2.29,1,0,1,0,1,0,0,00416,21,1
657,1,38.92,1.665,1,0,0,0,1,0,0,0,0,0,0,0,0,0,0,0,0,0,0,1,0,1,0,0,0,0,0,0,0,0,0.25,1,1,0,1,1,0,0,00000,390,1
658,1,15.75,0.375,1,0,0,0,1,0,0,1,0,0,0,0,0,0,0,0,0,0,0,0,0,1,0,0,0,0,0,0,0,0,1.0,1,1,0,1,1,0,0,00120,18,1
659,1,28.58,3.75,1,0,0,0,1,0,0,1,0,0,0,0,0,0,0,0,0,0,0,0,0,1,0,0,0,0,0,0,0,0,0.25,1,0,1,0,1,0,0,00040,154,1
660,0,22.25,9.0,1,0,0,0,1,0,0,0,0,0,0,0,0,0,0,0,0,0,0,1,0,1,0,0,0,0,0,0,0,0,0.085,1,1,0,1,1,0,0,00000,0,1
661,0,29.83,3.5,1,0,0,0,1,0,0,1,0,0,0,0,0,0,0,0,0,0,0,0,0,1,0,0,0,0,0,0,0,0,0.165,1,1,0,1,1,0,0,00216,0,1
662,1,23.50,1.5,1,0,0,0,1,0,0,0,0,0,0,0,0,0,0,0,1,0,0,0,0,1,0,0,0,0,0,0,0,0,0.875,1,1,0,0,1,0,0,00160,0,1
663,0,32.08,4.0,0,1,0,0,0,1,0,0,0,1,0,0,0,0,0,0,0,0,0,0,0,1,0,0,0,0,0,0,0,0,1.5,1,1,0,0,1,0,0,00120,0,1
664,0,31.08,1.5,0,1,0,0,0,1,0,0,0,0,0,0,0,0,0,0,1,0,0,0,0,1,0,0,0,0,0,0,0,0,0.04,1,1,0,1,0,0,1,00160,0,1
665,0,31.83,0.04,0,1,0,0,0,1,0,0,0,0,0,0,0,1,0,0,0,0,0,0,0,1,0,0,0,0,0,0,0,0,0.04,1,1,0,1,1,0,0,00000,0,1
666,1,21.75,11.75,1,0,0,0,1,0,0,1,0,0,0,0,0,0,0,0,0,0,0,0,0,1,0,0,0,0,0,0,0,0,0.25,1,1,0,0,1,0,0,00180,0,1
667,1,17.92,0.54,1,0,0,0,1,0,0,1,0,0,0,0,0,0,0,0,0,0,0,0,0,1,0,0,0,0,0,0,0,0,1.75,1,0,1,0,1,0,0,00080,5,1
668,0,30.33,0.5,1,0,0,0,1,0,0,0,1,0,0,0,0,0,0,0,0,0,0,0,0,0,1,0,0,0,0,0,0,0,0.085,1,1,0,0,0,0,1,00252,0,1
669,0,51.83,2.04,0,1,0,0,0,1,0,0,0,0,0,0,0,0,0,0,0,0,0,0,1,0,0,0,0,0,0,0,1,0,1.5,1,1,0,1,1,0,0,00120,1,1
670,0,47.17,5.835,1,0,0,0,1,0,0,0,0,0,0,0,0,0,0,0,1,0,0,0,0,1,0,0,0,0,0,0,0,0,5.5,1,1,0,1,1,0,0,00465,150,1
671,0,25.83,12.835,1,0,0,0,1,0,0,0,0,1,0,0,0,0,0,0,0,0,0,0,0,1,0,0,0,0,0,0,0,0,0.5,1,1,0,1,1,0,0,00000,2,1
672,1,50.25,0.835,1,0,0,0,1,0,0,0,0,0,0,0,0,0,0,0,0,0,0,1,0,1,0,0,0,0,0,0,0,0,0.5,1,1,0,0,1,0,0,00240,117,1
673,?,29.50,2.0,0,1,0,0,0,1,0,0,0,0,0,0,0,0,0,0,0,0,1,0,0,0,1,0,0,0,0,0,0,0,2.0,1,1,0,1,1,0,0,00256,17,1
674,1,37.33,2.5,1,0,0,0,1,0,0,0,0,0,1,0,0,0,0,0,0,0,0,0,0,0,1,0,0,0,0,0,0,0,0.21,1,1,0,1,1,0,0,00260,246,1
675,1,41.58,1.04,1,0,0,0,1,0,0,0,0,0,0,0,0,0,0,0,0,0,0,1,0,1,0,0,0,0,0,0,0,0,0.665,1,1,0,1,1,0,0,00240,237,1
676,1,30.58,10.665,1,0,0,0,1,0,0,0,0,0,0,0,0,0,0,1,0,0,0,0,0,0,1,0,0,0,0,0,0,0,0.085,1,0,12,0,1,0,0,00129,3,1
677,0,19.42,7.25,1,0,0,0,1,0,0,0,0,0,0,0,0,1,0,0,0,0,0,0,0,1,0,0,0,0,0,0,0,0,0.04,1,0,1,1,1,0,0,00100,1,1
678,1,17.92,10.21,1,0,0,0,1,0,0,0,0,0,0,0,0,0,0,0,0,0,0,0,1,0,0,0,0,0,0,0,1,0,0.0,1,1,0,1,1,0,0,00000,50,1
679,1,20.08,1.25,1,0,0,0,1,0,0,1,0,0,0,0,0,0,0,0,0,0,0,0,0,1,0,0,0,0,0,0,0,0,0.0,1,1,0,1,1,0,0,00000,0,1
680,0,19.50,0.29,1,0,0,0,1,0,0,0,0,0,0,0,1,0,0,0,0,0,0,0,0,1,0,0,0,0,0,0,0,0,0.29,1,1,0,1,1,0,0,00280,364,1
681,0,27.83,1.0,0,1,0,0,0,1,0,0,1,0,0,0,0,0,0,0,0,0,0,0,0,0,1,0,0,0,0,0,0,0,3.0,1,1,0,1,1,0,0,00176,537,1
682,0,17.08,3.29,1,0,0,0,1,0,0,0,0,0,1,0,0,0,0,0,0,0,0,0,0,1,0,0,0,0,0,0,0,0,0.335,1,1,0,0,1,0,0,00140,2,1
683,0,36.42,0.75,0,1,0,0,0,1,0,0,1,0,0,0,0,0,0,0,0,0,0,0,0,1,0,0,0,0,0,0,0,0,0.585,1,1,0,1,1,0,0,00240,3,1
684,0,40.58,3.29,1,0,0,0,1,0,0,0,0,0,0,0,0,1,0,0,0,0,0,0,0,1,0,0,0,0,0,0,0,0,3.5,1,1,0,0,0,0,1,00400,0,1
685,0,21.08,10.085,0,1,0,0,0,1,0,0,0,0,0,0,0,0,0,0,0,0,1,0,0,0,1,0,0,0,0,0,0,0,1.25,1,1,0,1,1,0,0,00260,0,1
686,1,22.67,0.75,1,0,0,0,1,0,0,1,0,0,0,0,0,0,0,0,0,0,0,0,0,1,0,0,0,0,0,0,0,0,2.0,1,0,2,0,1,0,0,00200,394,1
687,1,25.25,13.5,0,1,0,0,0,1,0,0,0,0,0,0,0,0,0,0,0,0,0,0,1,0,0,0,0,0,0,0,1,0,2.0,1,0,1,0,1,0,0,00200,1,1
688,0,17.92,0.205,1,0,0,0,1,0,0,0,0,0,0,0,0,0,0,0,0,0,0,1,0,1,0,0,0,0,0,0,0,0,0.04,1,1,0,1,1,0,0,00280,750,1
689,0,35.00,3.375,1,0,0,0,1,0,0,1,0,0,0,0,0,0,0,0,0,0,0,0,0,0,1,0,0,0,0,0,0,0,8.29,1,1,0,0,1,0,0,00000,0,1
